frequency;user0 (gain);user3 (gain)
28500000.0;54.38280435378037;24.29865247572847
28503281.37264488;54.497130641799444;24.35881027498982
28506563.1230935;54.612273412018915;24.419459113217975
28509845.25138935;54.728245270000315;24.480607851403732
28513127.75757594;54.845059136248565;24.54226560518957
28516410.64169677;54.96272825867409;24.60444175489261
28519693.90379537;55.08126622255674;24.667145955219176
28522977.54391524;55.200686964238756;24.73038814726772
28526261.56209992;55.32100478299303;24.794178568665437
28529545.95839293;55.44223435431634;24.858527766563686
28532830.7328378;55.564390744435826;24.92344660978281
28536115.88547807;55.687489423856256;24.988946301763974
28539401.41635729;55.81154628418694;25.055038395290925
28542687.32551901;55.93657765272178;25.12173480590889
28545973.61300679;56.06260030940695;25.189047828612384
28549260.27886416;56.18963150586885;25.25699015276452
28552547.32313472;56.31768898215561;25.325574879986114
28555834.74586201;56.446790987081116;25.394815542029242
28559122.54708962;56.5769562994564;25.464726118621254
28562410.72686113;56.70820424717768;25.53532105910047
28565699.28522011;56.84055473330388;25.606615301830914
28568988.22221017;56.97402825645679;25.678624297528568
28572277.53787488;57.108645938428644;25.751364031774994
28575567.23225786;57.24442954932093;25.824851050649492
28578857.3054027;57.38140153594843;25.899102486046033
28582147.75735302;57.51958505142389;25.974136083956722
28585438.58815242;57.659003985189386;26.0499702334808
28588729.79784453;57.79968299719129;26.12662399751656
28592021.38647298;57.94164755207825;26.204117146369015
28595313.35408138;58.08492395561505;26.282470191975
28598605.70071338;58.22953939391716;26.361704424761115
28601898.42641262;58.37552197362125;26.441841953560296
28605191.53122273;58.522900767027835;26.522905746393196
28608485.01518737;58.67170585706222;26.60491967505566
28611778.87835019;58.82196838696177;26.68790856241302
28615073.12075485;58.97372061178566;26.771898232120407
28618367.74244502;59.12699595453529;26.85691556193796
28621662.74346437;59.28182906421075;26.942988541205807
28624958.12385656;59.43825587904466;27.03014633055787
28628253.88366528;59.59631369285165;27.11841932687978
28631550.02293422;59.756041225930254;27.207839233107237
28634846.54170705;59.91747870230167;27.298439130890305
28638143.44002749;60.08066792830954;27.39025356069339
28641440.71793922;60.24565238167703;27.483318605277706
28644738.37548596;60.41247730251399;27.577671981611726
28648036.4127114;60.581189793122164;27.673353136790123
28651334.82965927;60.75183892438176;27.770403352906193
28654633.62637329;60.92447584888798;27.86886586048068
28657932.80289717;61.09915392403168;27.96878595550509
28661232.35927466;61.275928843711156;28.070211133310657
28664532.29554948;61.45485877919158;28.173191225078323
28667832.61176537;61.63600453164768;28.277778550687444
28671133.30796609;61.81942969656343;28.384028080840405
28674434.38419537;62.00520084171433;28.491997612930177
28677735.84049698;62.193387697539755;28.601747961198374
28681037.67691467;62.3840633657401;28.71334316406883
28684339.89349221;62.577304543167294;28.82685070569442
28687642.49027337;62.7731917659449;28.94234176257305
28690945.46730192;62.971809674730075;29.05989146405945
28694248.82462165;63.17324730178575;29.17957918217538
28697552.56227634;63.377598383771314;29.301488844772695
28700856.68030978;63.584961706550786;29.425709276704527
28704161.17876576;63.79544147757839;29.552334576324164
28707466.05768809;64.00914773216824;29.681464524645598
28710771.31712057;64.22619678713332;29.813205032033192
28714076.95710701;64.44671172803909;29.94766863774602
28717382.97769122;64.67082295073125;30.084975046910856
28720689.37891703;64.89866875998327;30.225251734889152
28723996.16082827;65.1303960244666;30.368634604555528
28727303.32346876;65.36616090553055;30.51526872018936
28730610.86688233;65.60612966237512;30.66530911774023
28733918.79111284;65.85047954681009;30.818921705228135
28737227.09620412;66.09939980148911;30.976284267625456
28740535.78220002;66.35309276608878;31.137587583036073
28743844.84914441;66.61177512498334;31.303036675293217
28747154.29708114;66.87567929513523;31.472852216898822
28750464.12605407;67.14505499319493;31.64727210491433
28753774.33610709;67.42017099694475;31.826553235730188
28757084.92728406;67.70131713902502;32.01097351563353
28760395.89962887;67.98880656379052;32.2008341352055
28763707.2531854;68.28297829616243;32.39646215288
28767018.98799754;68.58420017066729;32.59821345055637
28770331.10410919;68.89287218605772;32.80647610771956
28773643.60156425;69.2094303556786;33.021674282321115
28776956.48040663;69.53435115460788;33.24427268344065
28780269.74068024;69.86815666506756;33.47478175396495
28783583.382429;70.21142056250773;33.71376368996052
28786897.40569682;70.56477511279179;33.9618394785418
28790211.81052763;70.92891938335194;34.21969715695087
28793526.59696537;71.30462893465338;34.48810155217516
28796841.76505396;71.69276732372163;34.76790583866458
28800157.31483736;72.09429982831222;35.060065325293756
28803473.24635951;72.51030993487726;35.36565401028234
28806789.55966436;72.94201926420908;35.685884581419856
28810106.25479588;73.3908118376817;36.022132764380295
28813423.33179801;73.858263842769;36.37596717992364
28816740.79071472;74.34618044859855;36.74918625601884
28820058.63159;74.85664173109366;37.143864269245825
28823376.85446781;75.39206052428978;37.562409306895425
28826695.45939214;75.95525598905947;38.00763698349967
28830014.44640698;76.54954822252229;38.48286517914729
28833333.81555631;77.17888129527182;38.992037252909235
28836653.56688415;77.84798522818092;39.53988418351593
28839973.70043447;78.56259192132016;40.13214069557673
28843294.21625131;79.32972668522622;40.77583700787127
28846615.11437866;80.15810669890064;41.479697510437354
28849936.39486055;81.05869096868831;42.25469098684121
28853258.05774099;82.0454426451729;43.1147931991302
28856580.10306403;83.13637535744252;44.07803352765885
28859902.53087368;84.35492360659957;45.167865686503234
28863225.34121399;85.73145483246427;46.41468015311325
28866548.534129;87.30374244273318;47.856277576486164
28869872.10966276;89.11108689832245;49.531990282691694
28873196.06785932;91.16015437234465;51.44852139414063
28876520.40876274;93.28397481112104;53.43894336527292
28879845.13241708;94.78021122774437;54.80096780988188
28883170.23886641;94.5706087995252;54.45639515960107
28886495.72815481;92.89924223712553;52.64936263674215
28889821.60032635;90.8696926157204;50.483521721029554
28893147.85542512;88.99537717195024;48.472368636866946
28896474.4934952;87.36885125411284;46.70854700992547
28899801.51458069;85.96725302299507;45.16929333264186
28903128.9187257;84.75020096695339;43.814335254023405
28906456.70597431;83.68181229117485;42.607910787851566
28909784.87637064;82.73374963004332;41.521815847027206
28913113.42995881;81.88420964579308;40.5343937020643
28916442.36678293;81.11640047634273;39.62901324851238
28919771.68688713;80.41725867233295;38.79278678294418
28923101.39031554;79.77648835958297;38.015609950902515
28926431.47711229;79.18586466320413;37.28946592688562
28929761.94732152;78.63873107289491;36.60792340747326
28933092.80098738;78.12963437751594;35.96577212226485
28936424.03815401;77.65405670285489;35.358755281514625
28939755.65886558;77.20821635770973;34.783370627907864
28943087.66316623;76.78891789016424;34.236720529478966
28946420.05110014;76.39343781127523;33.71639744549818
28949752.82271148;76.0194364389216;33.220395206090366
28953085.97804441;75.66488912492628;32.74703933073426
28956419.51714312;75.32803204231699;32.29493148584245
28959753.4400518;75.00731901450112;31.86290456841293
28963087.74681463;74.70138683130594;31.44998578989529
28966422.43747582;74.40902713857352;31.055365842026866
28969757.51207956;74.12916349514641;30.678372660133107
28973092.97067005;73.86083246301419;30.31844881357195
28976428.81329151;73.60316795724354;29.975131600122836
28979765.03998815;73.35538820531467;29.648035286442266
28983101.6508042;73.11678477542743;29.3368351661352
28986438.64578388;72.8867133528787;29.041252977753828
28989776.02497142;72.66458589619354;28.761043638932982
28993113.78841105;72.44986396038647;28.495983128522017
28996451.93614703;72.24205297871394;28.245857483948235
28999790.46822359;72.04069735240198;28.010452936218165
29003129.38468499;71.84537619777856;27.78954724323505
29006468.68557548;71.65569968086908;27.58290222237008
29009808.37093932;71.47130581058829;27.39025762912847
29013148.44082079;71.29185765810904;27.211326330925914
29016488.89526414;71.11704091244582;27.045790892861397
29019829.73431367;70.94656174429979;26.89330148102134
29023170.95801365;70.7801449246762;26.753475111372307
29026512.56640837;70.61753216211162;26.62589612677301
29029854.55954211;70.45848064184044;26.510117773684595
29033196.93745919;70.30276172807649;26.405664759791698
29036539.70020389;70.15015981215383;26.31203662377635
29039882.84782054;70.00047129151176;26.2287116996458
29043226.38035343;69.85350366317388;26.155151509903337
29046570.29784689;69.70907471438008;26.09080541607088
29049914.60034524;69.56701179700146;26.03511533676919
29053259.28789281;69.4271511895699;25.987520372933037
29056604.36053394;69.28933751661737;25.947461229394744
29059949.81831295;69.15342323653896;25.91438434300398
29063295.66127419;69.01926817705812;25.887745598190346
29066641.88946202;68.88673912958369;25.867013595141323
29069988.50292078;68.75570946094707;25.851672505381067
29073335.50169484;68.62605880057745;25.841224364067692
29076682.88582855;68.49767272501718;25.835190978704475
29080030.65536629;68.37044249214883;25.833115350267054
29083378.81035243;68.24426479731608;25.834562686906057
29086727.35083134;68.11904154353277;25.839121069602268
29090076.27684742;67.99467965150893;25.84640175266003
29093425.58844505;67.87109086437886;25.856039212680916
29096775.28566862;67.74819158607652;25.86769092843394
29100125.36856254;67.62590271719594;25.881036982704014
29103475.83717121;67.50414952548061;25.895779475578745
29106826.69153904;67.38286149613126;25.911641839063478
29110177.93171044;67.26197220990184;25.928368037933605
29113529.55772984;67.14141923312896;25.945721693472077
29116881.56964166;67.02114399196715;25.96348518934978
29120233.96749032;66.90109167202556;25.981458721272055
29123586.75132027;66.78121110873315;25.999459359798855
29126939.92117595;66.66145468741449;26.0173200980743
29130293.47710179;66.5417782432984;26.034888930153688
29133647.41914225;66.42214096233951;26.052027936045
29137001.74734179;66.30250528219878;26.068612410849674
29140356.46174486;66.18283679789288;26.084530010329434
29143711.56239594;66.06310416043128;26.099679946818743
29147067.04933949;65.94327898327136;26.113972210828248
29150422.92261999;65.82333574199511;26.12732683884925
29153779.18228193;65.7032516751475;26.13967321570282
29157135.82836978;65.58300668818413;26.15094942067511
29160492.86092804;65.46258325036202;26.161101599639487
29163850.2800012;65.34196629446261;26.170083388304626
29167208.08563377;65.2211431169478;26.177855357193415
29170566.27787026;65.10010327478157;26.18438449886082
29173924.85675517;64.97883848511246;26.189643738971668
29177283.82233303;64.85734251792265;26.19361148603039
29180643.17464835;64.73561109775287;26.196271203689548
29184002.91374566;64.61364180283226;26.197611008930973
29187363.0396695;64.49143395859436;26.197623297687834
29190723.5524644;64.36898853769493;26.196304397328607
29194084.45217491;64.24630806354398;26.19365423217512
29197445.73884556;64.12339650327895;26.189676019783374
29200807.41252093;64.00025917805303;26.184375980713554
29204169.47324556;63.876902663003136;26.17776306905614
29207531.92106402;63.75333469010394;26.169848716456347
29210894.75602087;63.62956406227488;26.160646599489997
29214257.9781607;63.50560055766265;26.150172414065544
29217621.58752807;63.381454843230394;26.138443671920335
29220985.58416758;63.257138394086354;26.125479503914594
29224349.9681238;63.13266340305225;26.111300480219732
29227714.73944135;63.008042708571715;26.095928441293985
29231079.8981648;62.88328971435287;26.079386340626357
29234445.44433878;62.75841832132846;26.061698097183054
29237811.37800788;62.63344284660089;26.042888457594028
29241177.69921672;62.50837797010547;26.02298287248732
29244544.40800993;62.38323866175988;26.002007374125114
29247911.50443213;62.25804012593315;25.979988470620377
29251278.98852794;62.13279774146714;25.956953041114122
29254646.860342;62.007527011131245;25.93292824543039
29258015.11991896;61.88224350801978;25.9079414344982
29261383.76730346;61.75696283275272;25.88202007314011
29264752.80254014;61.63170056395555;25.855191665185938
29268122.22567367;61.50647222461871;25.8274836878903
29271492.0367487;61.38129323669431;25.798923529543153
29274862.2358099;61.25617889400371;25.769538436238328
29278232.82290195;61.131144321685454;25.73935545535193
29281603.79806951;61.006204456719225;25.708401397011563
29284975.16135728;60.88137401355922;25.67670278801633
29288346.91280993;60.75666746570958;25.64428583643901
29291719.05247216;60.632099017691985;25.611176397218415
29295091.58038867;60.50768259562802;25.577399945730495
29298464.49660415;60.38343182091581;25.542981548402498
29301837.80116332;60.25936000179877;25.507945842581034
29305211.49411088;60.135480117094346;25.472317016209818
29308585.57549156;60.01180480597489;25.43611879053664
29311960.04535007;59.88834636070667;25.399374407138545
29315334.90373115;59.76511671728116;25.36210661552409
29318710.15067952;59.64212744880831;25.324337662156353
29322085.78623994;59.51938976387649;25.286089287786965
29325461.81045713;59.39691450085029;25.247382715829858
29328838.22337584;59.2747121268186;25.208238653084063
29332215.02504084;59.1527927359587;25.168677285220703
29335592.21549688;59.03116605246184;25.128718278199802
29338969.79478871;58.909841428530754;25.08838077639048
29342347.76296112;58.78882784786525;25.047683406604236
29345726.12005888;58.66813392889928;25.006644279725133
29349104.86612676;58.547767927913625;24.965280995532595
29352484.00120955;58.42773774356729;24.92361064638034
29355863.52535204;58.30805092122218;24.881649824330374
29359243.43859903;58.188714659126674;24.83941462599592
29362623.74099531;58.06973581284624;24.79692066038732
29366004.43258568;57.95112090285676;24.754183055809666
29369385.51341497;57.832876121356705;24.711216468907928
29372766.98352798;57.715007336489364;24.668035091515733
29376148.84296953;57.59752010289632;24.624652660378725
29379531.09178446;57.48041966705773;24.581082466085835
29382913.73001758;57.363710974541256;24.53733736155104
29386296.75771375;57.24739867973703;24.493429773376985
29389680.17491779;57.13148714890291;24.44937170765211
29393063.98167456;57.01598047380812;24.40517476443571
29396448.1780289;56.900882476484384;24.360850144145907
29399832.76402568;56.78619671597855;24.316408658474682
29403217.73970975;56.6719264981197;24.27186074001491
29406603.10512598;56.55807488354625;24.22721645259908
29409988.86031925;56.44464469374982;24.182485500666992
29413375.00533443;56.33163851990418;24.137677238618984
29416761.5402164;56.21905872982534;24.092800680857515
29420148.46501005;56.106907477344585;24.04786451219725
29423535.77976028;55.99518670684553;24.002877095577464
29426923.48451198;55.883898161783804;23.957846482039944
29430311.57931006;55.77304339353314;23.912780420959095
29433700.06419942;55.66262376569517;23.86768636749297
29437088.93922497;55.55264046216266;23.82257149222696
29440478.20443165;55.44309449628364;23.77744269077113
29443867.85986436;55.3339867112753;23.73230658947065
29447257.90556804;55.2253177935405;23.687169556878246
29450648.34158763;55.11708827605564;23.64203771111182
29454039.16796805;55.00929854280862;23.596916926195878
29457430.38475427;54.90194883758076;23.551812841732986
29460821.99199122;54.795039269010104;23.50673087001377
29464213.98972386;54.68856981423482;23.46167620282644
29467606.37799716;54.582540328402075;23.416653820177622
29470999.15685607;54.47695054636168;23.371668495374266
29474392.32634557;54.371800089552345;23.326724803559294
29477785.88651063;54.267088470325476;23.281827127416893
29481179.83739623;54.162815097871224;23.236979664312663
29484574.17904737;54.05897928203609;23.192186432288544
29487968.91150902;53.955580238663;23.147451276585436
29491364.03482619;53.85261709220279;23.10277787456366
29494759.54904388;53.75008888282905;23.058169742845905
29498155.4542071;53.64799456839325;23.013630242220586
29501551.75036085;53.546333028883225;22.969162582955512
29504948.43755016;53.445103071543784;22.92476983079797
29508345.51582005;53.34430343175584;22.880454910920314
29511742.98521553;53.24393278052029;22.836220614382505
29515140.84578166;53.14398972439956;22.792069601537097
29518539.09756346;53.04447281136297;22.748004407770644
29521937.74060597;52.945380532136845;22.704027447136575
29525336.77495425;52.84671132442131;22.66014101734774
29528736.20065335;52.74846357567402;22.61634730363753
