band,band_key,load_ohm,coil_q,peak_hz,peak_db,gain_at_target_db,bandwidth_3db_hz,loaded_q,grid_step_hz
3.5 MHz,3p5,1000000.0,70.0,3500902.337286461,20.189079891397355,20.188581414001746,202240.66842186917,17.31057538824814,402.98667757213116
3.5 MHz,3p5,1000000.0,50.0,3498082.079931697,15.038117944865823,15.037359459802584,281335.5804461031,12.433841728745866,402.98667757213116
3.5 MHz,3p5,1000000.0,30.0,3486020.973238095,6.986463456125975,6.970987067163585,468759.03985307366,7.436701325974945,402.98667757213116
3.5 MHz,3p5,1000000.0,20.0,3462421.976770314,0.7006644313405251,0.6519092964024121,712296.565469183,4.860927518988737,402.98667757213116
3.5 MHz,3p5,1000000.0,10.0,3345646.068884561,-8.763079018358955,-8.9547150497434,1594032.651736673,2.098856673506363,402.98667757213116
3.5 MHz,3p5,100000.0,70.0,3501305.416765829,20.13167637099525,20.131130415882133,203523.63893618993,17.203433640765343,402.98667757213116
3.5 MHz,3p5,100000.0,50.0,3498082.079931697,14.996449684373871,14.995728102410125,282602.38640042813,12.378105239971879,402.98667757213116
3.5 MHz,3p5,100000.0,30.0,3486020.973238095,6.9605986692856145,6.945231715348009,470031.95956744114,7.416561581144811,402.98667757213116
3.5 MHz,3p5,100000.0,20.0,3462421.976770314,0.6826695244204222,0.6340821588313305,713622.349954383,4.851896772840204,402.98667757213116
3.5 MHz,3p5,100000.0,10.0,3345646.068884561,-8.773447201746112,-8.96473686385345,1595935.9394645626,2.09635361053842,402.98667757213116
3.5 MHz,3p5,22000.0,70.0,3501305.416765829,19.908991096006993,19.908255566428313,208573.88515004935,16.786883047448477,402.98667757213116
3.5 MHz,3p5,22000.0,50.0,3498484.834698246,14.834100888823391,14.833513161282486,287588.46236069454,12.16489982240815,402.98667757213116
3.5 MHz,3p5,22000.0,30.0,3486020.973238095,6.859384176713736,6.844434444308109,475043.9181165751,7.338313028107499,402.98667757213116
3.5 MHz,3p5,22000.0,20.0,3462421.976770314,0.6121038389086884,0.5641621313366266,718844.7762774732,4.816647614385422,402.98667757213116
3.5 MHz,3p5,22000.0,10.0,3345260.909318321,-8.814179641393254,-9.004120992325307,1603447.7951322664,2.086292375388732,402.98667757213116
3.5 MHz,3p5,10000.0,70.0,3501708.542654108,19.576678055755036,19.57563252965058,216330.56268239254,16.186841559669816,402.98667757213116
3.5 MHz,3p5,10000.0,50.0,3498484.834698246,14.589769302925163,14.589341256843644,295244.5645903549,11.8494470492702,402.98667757213116
3.5 MHz,3p5,10000.0,30.0,3486020.973238095,6.705737460377704,6.691388374804874,482746.43053360423,7.221225788008041,402.98667757213116
3.5 MHz,3p5,10000.0,20.0,3462421.976770314,0.5045351638729277,0.45754080281664394,726878.0680366368,4.763415115994114,402.98667757213116
3.5 MHz,3p5,10000.0,10.0,3345260.909318321,-8.876499174975926,-9.064415587488936,1615048.7701978371,2.071306434237611,402.98667757213116
3.5 MHz,3p5,4700.0,70.0,3502514.933678775,18.925814434227217,18.924043033237385,232312.4790445082,15.07674038038971,402.98667757213116
3.5 MHz,3p5,4700.0,50.0,3498887.63583632,14.104155158710094,14.103964517735601,311018.55341926916,11.249771428007504,402.98667757213116
3.5 MHz,3p5,4700.0,30.0,3486020.973238095,6.39573117337358,6.382479953653662,498638.40897977864,6.991079929784278,402.98667757213116
3.5 MHz,3p5,4700.0,20.0,3462023.373654726,0.28587121577075864,0.24066840266448153,743480.966681866,4.656505719447851,402.98667757213116
3.5 MHz,3p5,4700.0,10.0,3345260.909318321,-9.004030048869431,-9.187942476459693,1639205.2346223095,2.0407822270584104,402.98667757213116
3.5 MHz,3p5,2200.0,70.0,3503724.868416214,17.669314518364565,17.66572481955341,266309.18821134185,13.15660526754215,402.98667757213116
3.5 MHz,3p5,2200.0,50.0,3499693.377248402,13.141305506255792,13.14130302595841,344578.22072577244,10.156455535341516,402.98667757213116
3.5 MHz,3p5,2200.0,30.0,3486020.973238095,5.763191247473395,5.751752234560653,532561.8319951072,6.5457581895769845,402.98667757213116
3.5 MHz,3p5,2200.0,20.0,3461624.816427376,-0.1669226883646624,-0.2089493140815561,779056.6130027692,4.4433546402809005,402.98667757213116
3.5 MHz,3p5,2200.0,10.0,3344490.723202481,-9.271706743858822,-9.447812322375995,1691800.5764846094,1.9768823640857214,402.98667757213116
3.5 MHz,3p5,1000.0,70.0,3507357.181019108,15.341663718450558,15.333662148826717,341435.8098096396,10.27237647678069,402.98667757213116
3.5 MHz,3p5,1000.0,50.0,3501708.542654108,11.276799014335243,11.27653544637168,418862.27032165416,8.360047659496912,402.98667757213116
3.5 MHz,3p5,1000.0,30.0,3486020.973238095,4.4737604027685265,4.464567500363711,608294.018323502,5.7308158032620415,402.98667757213116
3.5 MHz,3p5,1000.0,20.0,3460429.420021929,-1.1163918189072375,-1.15383798850202,859193.7590882597,4.02753090722399,402.98667757213116
3.5 MHz,3p5,1000.0,10.0,3342181.228620616,-9.848579468330218,-10.010458562085686,1814583.995982186,1.8418443213545383,402.98667757213116
3.5 MHz,3p5,470.0,70.0,3515442.474345583,11.84188721892913,11.82537906546703,488068.40287598735,7.202765951720126,402.98667757213116
3.5 MHz,3p5,470.0,50.0,3504128.272870194,8.305638475741242,8.304686004712018,565321.5222712676,6.198469605034337,402.98667757213116
3.5 MHz,3p5,470.0,30.0,3482811.707415757,2.259611278672473,2.25088707155182,760956.5240080575,4.576886586202496,402.98667757213116
3.5 MHz,3p5,470.0,20.0,3454060.940850495,-2.8228811990572678,-2.858089228166428,1024208.0870529395,3.372421077819473,402.98667757213116
3.5 MHz,3p5,470.0,10.0,3334110.549341626,-10.937205559572174,-11.080997190917254,2084272.3144197452,1.599652083019599,402.98667757213116
21.2 MHz,21p2,1000000.0,70.0,21182696.60942515,72.54841306073014,72.33241722055999,150399.29939481616,140.84305375531062,2440.854767229408
21.2 MHz,21p2,1000000.0,50.0,21190014.11725758,67.45693090464977,67.42947681187081,215814.64815648273,98.18617178335893,2440.854767229408
21.2 MHz,21p2,1000000.0,30.0,21202215.58144102,59.62213472500275,59.62127351811485,348579.0922320485,60.82469102113198,2440.854767229408
21.2 MHz,21p2,1000000.0,20.0,21207098.13409771,53.184169961317885,53.180370073998674,507219.1200919375,41.81052585370551,2440.854767229408
21.2 MHz,21p2,1000000.0,10.0,21204656.7172382,41.810136371022,41.80964625276852,979028.568961151,21.65887430612827,2440.854767229408
21.2 MHz,21p2,100000.0,70.0,21180258.00173327,71.37835612090619,71.16875378264103,164129.0833161585,129.04634312088473,2440.854767229408
21.2 MHz,21p2,100000.0,50.0,21190014.11725758,66.60817472370657,66.57654152911606,228587.44079988077,92.69981781636287,2440.854767229408
21.2 MHz,21p2,100000.0,30.0,21202215.58144102,59.092010492793186,59.09172738542758,360618.8599519469,58.79397318339438,2440.854767229408
21.2 MHz,21p2,100000.0,20.0,21207098.13409771,52.821761288254024,52.81872888178605,518885.8068560213,40.87045329413334,2440.854767229408
21.2 MHz,21p2,100000.0,10.0,21204656.7172382,41.62361082060706,41.62317172309549,990251.9579136819,21.413395396776952,2440.854767229408
21.2 MHz,21p2,22000.0,70.0,21177819.67478032,67.84901136144379,67.67840524928081,206308.86508331448,102.65104054655141,2440.854767229408
21.2 MHz,21p2,22000.0,50.0,21185135.49788827,63.88476668387209,63.846206720321966,269093.5788988471,78.72776297591186,2440.854767229408
21.2 MHz,21p2,22000.0,30.0,21197334.15290419,57.26944951380101,57.269157663265545,401285.22108716145,52.8236103374961,2440.854767229408
21.2 MHz,21p2,22000.0,20.0,21204656.7172382,51.52419282490267,51.523159035716986,560088.4473289587,37.859478834749105,2440.854767229408
21.2 MHz,21p2,22000.0,10.0,21204656.7172382,40.924907449736914,40.924653253596965,1031957.1786337234,20.548000591761426,2440.854767229408
21.2 MHz,21p2,10000.0,70.0,21177819.67478032,64.21491381002788,64.09796874287618,246359.37543483824,85.96311643265157,2440.854767229408
21.2 MHz,21p2,10000.0,50.0,21185135.49788827,60.859775968819044,60.82298634484457,310367.45736309513,68.25823711634831,2440.854767229408
21.2 MHz,21p2,10000.0,30.0,21194893.86009984,55.045245773434516,55.0431551783633,447839.96481461823,47.326937132270885,2440.854767229408
21.2 MHz,21p2,10000.0,20.0,21202215.58144102,49.841170597701506,49.841140243835845,611248.544577241,34.6867338491663,2440.854767229408
21.2 MHz,21p2,10000.0,10.0,21202215.58144102,39.94752157451018,39.947447303240615,1089077.6792266704,19.46804712451387,2440.854767229408
21.2 MHz,21p2,4700.0,70.0,21182696.60942515,59.54568394068994,59.48512937365112,284572.5901271589,74.4368830461143,2440.854767229408
21.2 MHz,21p2,4700.0,50.0,21185135.49788827,56.711668866062496,56.685462026955406,354665.3474468142,59.7327470822765,2440.854767229408
21.2 MHz,21p2,4700.0,30.0,21192453.84822842,51.704744751390876,51.7004467551334,507034.74875660613,41.79684706067654,2440.854767229408
21.2 MHz,21p2,4700.0,20.0,21197334.15290419,47.13687500452905,47.13646012091046,684699.0852573477,30.95861322048804,2440.854767229408
21.2 MHz,21p2,4700.0,10.0,21197334.15290419,38.21560426516958,38.21558510536043,1185182.5894674882,17.88528986274454,2440.854767229408
21.2 MHz,21p2,2200.0,70.0,21187574.66715497,53.984494233026666,53.95897428052264,307805.0799700804,68.83438918296757,2440.854767229408
21.2 MHz,21p2,2200.0,50.0,21187574.66715497,51.50669345191797,51.4924709498572,386449.63620458543,54.82622490020491,2440.854767229408
21.2 MHz,21p2,2200.0,30.0,21190014.11725758,47.14830510444351,47.14331882783797,561221.4243242517,37.75695865989396,2440.854767229408
21.2 MHz,21p2,2200.0,20.0,21192453.84822842,43.178099812349664,43.17623395547837,765640.7373154089,27.679370774517842,2440.854767229408
21.2 MHz,21p2,2200.0,10.0,21190014.11725758,35.35595542806654,35.35529557769122,1323255.1365344748,16.013551379632613,2440.854767229408
21.2 MHz,21p2,1000.0,70.0,21192453.84822842,47.62280734800257,47.612207338530666,316632.54134043306,66.93075120615282,2440.854767229408
21.2 MHz,21p2,1000.0,50.0,21192453.84822842,45.3528799351504,45.34570966997752,400559.50108192116,52.90713062850108,2440.854767229408
21.2 MHz,21p2,1000.0,30.0,21190014.11725758,41.41954014458615,41.415414127353316,592558.1779070236,35.76022559017393,2440.854767229408
21.2 MHz,21p2,1000.0,20.0,21190014.11725758,37.89591255883101,37.892975029121736,824428.9000166282,25.702658066487228,2440.854767229408
21.2 MHz,21p2,1000.0,10.0,21180258.00173327,31.055247915639818,31.052710066775816,1470164.5148260184,14.406726450093768,2440.854767229408
21.2 MHz,21p2,470.0,70.0,21194893.86009984,41.17756445028135,41.17210256361875,318967.94549750164,66.44835056087432,2440.854767229408
21.2 MHz,21p2,470.0,50.0,21194893.86009984,39.00933334469103,39.00523569123006,404607.59886328876,52.383825513028235,2440.854767229408
21.2 MHz,21p2,470.0,30.0,21192453.84822842,35.29829881350208,35.295016369109064,603249.6126424633,35.13048894535944,2440.854767229408
21.2 MHz,21p2,470.0,20.0,21187574.66715497,32.028336437573856,32.02506041569748,848704.4952193722,24.964607571305994,2440.854767229408
21.2 MHz,21p2,470.0,10.0,21172943.86296191,25.82591031106075,25.82110472623975,1560964.3855149709,13.564014694657391,2440.854767229408
