filter_path,filter_components,s4_pos,frequency_mhz,transimpedance_ohm,normalized_db,inside_manual_range
80 m,C89-9 / C89-12,1,12.425,422.60315,0.0425613638,no
80 m,C89-9 / C89-12,1,12.426625,422.552899,0.0415284757,no
80 m,C89-9 / C89-12,1,12.42825,422.502912,0.0405008956,no
80 m,C89-9 / C89-12,1,12.429875,422.453189,0.0394786217,no
80 m,C89-9 / C89-12,1,12.4315,422.40373,0.0384616521,no
80 m,C89-9 / C89-12,1,12.433125,422.354534,0.037449985,no
80 m,C89-9 / C89-12,1,12.43475,422.305602,0.0364436184,no
80 m,C89-9 / C89-12,1,12.436375,422.256933,0.0354425507,no
80 m,C89-9 / C89-12,1,12.438,422.208528,0.0344467799,no
80 m,C89-9 / C89-12,1,12.439625,422.160385,0.0334563043,no
80 m,C89-9 / C89-12,1,12.44125,422.112505,0.0324711221,no
80 m,C89-9 / C89-12,1,12.442875,422.064887,0.0314912315,no
80 m,C89-9 / C89-12,1,12.4445,422.017532,0.0305166307,no
80 m,C89-9 / C89-12,1,12.446125,421.970439,0.0295473179,no
80 m,C89-9 / C89-12,1,12.44775,421.923608,0.0285832914,no
80 m,C89-9 / C89-12,1,12.449375,421.877039,0.0276245495,no
80 m,C89-9 / C89-12,1,12.451,421.830732,0.0266710904,no
80 m,C89-9 / C89-12,1,12.452625,421.784686,0.0257229123,no
80 m,C89-9 / C89-12,1,12.45425,421.738902,0.0247800136,no
80 m,C89-9 / C89-12,1,12.455875,421.693378,0.0238423925,no
80 m,C89-9 / C89-12,1,12.4575,421.648116,0.0229100474,no
80 m,C89-9 / C89-12,1,12.459125,421.603115,0.0219829765,no
80 m,C89-9 / C89-12,1,12.46075,421.558374,0.0210611782,no
80 m,C89-9 / C89-12,1,12.462375,421.513894,0.0201446508,no
80 m,C89-9 / C89-12,1,12.464,421.469674,0.0192333926,no
80 m,C89-9 / C89-12,1,12.465625,421.425715,0.018327402,no
80 m,C89-9 / C89-12,1,12.46725,421.382015,0.0174266773,no
80 m,C89-9 / C89-12,1,12.468875,421.338576,0.016531217,no
80 m,C89-9 / C89-12,1,12.4705,421.295396,0.0156410193,no
80 m,C89-9 / C89-12,1,12.472125,421.252475,0.0147560827,no
80 m,C89-9 / C89-12,1,12.47375,421.209815,0.0138764056,no
80 m,C89-9 / C89-12,1,12.475375,421.167413,0.0130019863,no
80 m,C89-9 / C89-12,1,12.477,421.125271,0.0121328233,no
80 m,C89-9 / C89-12,1,12.478625,421.083387,0.011268915,no
80 m,C89-9 / C89-12,1,12.48025,421.041762,0.0104102598,no
80 m,C89-9 / C89-12,1,12.481875,421.000396,0.00955685625,no
80 m,C89-9 / C89-12,1,12.4835,420.959289,0.0087087027,no
80 m,C89-9 / C89-12,1,12.485125,420.91844,0.00786579759,no
80 m,C89-9 / C89-12,1,12.48675,420.877849,0.00702813946,no
80 m,C89-9 / C89-12,1,12.488375,420.837516,0.00619572677,no
80 m,C89-9 / C89-12,1,12.49,420.797441,0.00536855799,no
80 m,C89-9 / C89-12,1,12.491625,420.757623,0.00454663164,no
80 m,C89-9 / C89-12,1,12.49325,420.718064,0.0037299462,no
80 m,C89-9 / C89-12,1,12.494875,420.678762,0.00291850021,no
80 m,C89-9 / C89-12,1,12.4965,420.639717,0.00211229219,no
80 m,C89-9 / C89-12,1,12.498125,420.600929,0.00131132068,no
80 m,C89-9 / C89-12,1,12.49975,420.562399,0.000515584209,no
80 m,C89-9 / C89-12,1,12.501375,420.524125,-0.000274918652,yes
80 m,C89-9 / C89-12,1,12.503,420.486108,-0.00106018937,yes
80 m,C89-9 / C89-12,1,12.504625,420.448348,-0.00184022934,yes
80 m,C89-9 / C89-12,1,12.50625,420.410844,-0.00261503999,yes
80 m,C89-9 / C89-12,1,12.507875,420.373597,-0.00338462274,yes
80 m,C89-9 / C89-12,1,12.5095,420.336606,-0.00414897898,yes
80 m,C89-9 / C89-12,1,12.511125,420.299871,-0.0049081101,yes
80 m,C89-9 / C89-12,1,12.51275,420.263392,-0.0056620175,yes
80 m,C89-9 / C89-12,1,12.514375,420.227168,-0.00641070252,yes
80 m,C89-9 / C89-12,1,12.516,420.191201,-0.00715416655,yes
80 m,C89-9 / C89-12,1,12.517625,420.155489,-0.00789241093,yes
80 m,C89-9 / C89-12,1,12.51925,420.120032,-0.00862543703,yes
80 m,C89-9 / C89-12,1,12.520875,420.084831,-0.00935324616,yes
80 m,C89-9 / C89-12,1,12.5225,420.049885,-0.0100758396,yes
80 m,C89-9 / C89-12,1,12.524125,420.015194,-0.0107932188,yes
80 m,C89-9 / C89-12,1,12.52575,419.980758,-0.011505385,yes
80 m,C89-9 / C89-12,1,12.527375,419.946576,-0.0122123394,yes
80 m,C89-9 / C89-12,1,12.529,419.91265,-0.0129140834,yes
80 m,C89-9 / C89-12,1,12.530625,419.878978,-0.0136106183,yes
80 m,C89-9 / C89-12,1,12.53225,419.84556,-0.0143019453,yes
80 m,C89-9 / C89-12,1,12.533875,419.812397,-0.0149880658,yes
80 m,C89-9 / C89-12,1,12.5355,419.779487,-0.0156689808,yes
80 m,C89-9 / C89-12,1,12.537125,419.746832,-0.0163446917,yes
80 m,C89-9 / C89-12,1,12.53875,419.714431,-0.0170151998,yes
80 m,C89-9 / C89-12,1,12.540375,419.682284,-0.0176805062,yes
80 m,C89-9 / C89-12,1,12.542,419.65039,-0.0183406122,yes
80 m,C89-9 / C89-12,1,12.543625,419.61875,-0.018995519,yes
80 m,C89-9 / C89-12,1,12.54525,419.587364,-0.0196452278,yes
80 m,C89-9 / C89-12,1,12.546875,419.556231,-0.0202897397,yes
80 m,C89-9 / C89-12,1,12.5485,419.525351,-0.0209290559,yes
80 m,C89-9 / C89-12,1,12.550125,419.494724,-0.0215631777,yes
80 m,C89-9 / C89-12,1,12.55175,419.46435,-0.0221921062,yes
80 m,C89-9 / C89-12,1,12.553375,419.434229,-0.0228158425,yes
80 m,C89-9 / C89-12,1,12.555,419.404361,-0.0234343878,yes
80 m,C89-9 / C89-12,1,12.556625,419.374746,-0.0240477432,yes
80 m,C89-9 / C89-12,1,12.55825,419.345384,-0.0246559098,yes
80 m,C89-9 / C89-12,1,12.559875,419.316273,-0.0252588888,yes
80 m,C89-9 / C89-12,1,12.5615,419.287416,-0.0258566813,yes
80 m,C89-9 / C89-12,1,12.563125,419.25881,-0.0264492883,yes
80 m,C89-9 / C89-12,1,12.56475,419.230457,-0.027036711,yes
80 m,C89-9 / C89-12,1,12.566375,419.202356,-0.0276189504,yes
80 m,C89-9 / C89-12,1,12.568,419.174506,-0.0281960077,yes
80 m,C89-9 / C89-12,1,12.569625,419.146909,-0.0287678838,yes
80 m,C89-9 / C89-12,1,12.57125,419.119563,-0.0293345798,yes
80 m,C89-9 / C89-12,1,12.572875,419.092469,-0.0298960969,yes
80 m,C89-9 / C89-12,1,12.5745,419.065627,-0.0304524359,yes
80 m,C89-9 / C89-12,1,12.576125,419.039036,-0.031003598,yes
80 m,C89-9 / C89-12,1,12.57775,419.012696,-0.0315495842,yes
80 m,C89-9 / C89-12,1,12.579375,418.986608,-0.0320903954,yes
80 m,C89-9 / C89-12,1,12.581,418.960771,-0.0326260327,yes
80 m,C89-9 / C89-12,1,12.582625,418.935185,-0.033156497,yes
80 m,C89-9 / C89-12,1,12.58425,418.90985,-0.0336817895,yes
80 m,C89-9 / C89-12,1,12.585875,418.884766,-0.0342019109,yes
80 m,C89-9 / C89-12,1,12.5875,418.859933,-0.0347168623,yes
80 m,C89-9 / C89-12,1,12.589125,418.83535,-0.0352266447,yes
80 m,C89-9 / C89-12,1,12.59075,418.811018,-0.0357312589,yes
80 m,C89-9 / C89-12,1,12.592375,418.786937,-0.036230706,yes
80 m,C89-9 / C89-12,1,12.594,418.763106,-0.0367249868,yes
80 m,C89-9 / C89-12,1,12.595625,418.739526,-0.0372141024,yes
80 m,C89-9 / C89-12,1,12.59725,418.716195,-0.0376980535,yes
80 m,C89-9 / C89-12,1,12.598875,418.693115,-0.0381768411,yes
80 m,C89-9 / C89-12,1,12.6005,418.670285,-0.0386504661,yes
80 m,C89-9 / C89-12,1,12.602125,418.647706,-0.0391189294,yes
80 m,C89-9 / C89-12,1,12.60375,418.625376,-0.0395822318,yes
80 m,C89-9 / C89-12,1,12.605375,418.603296,-0.0400403743,yes
80 m,C89-9 / C89-12,1,12.607,418.581465,-0.0404933576,yes
80 m,C89-9 / C89-12,1,12.608625,418.559885,-0.0409411827,yes
80 m,C89-9 / C89-12,1,12.61025,418.538554,-0.0413838504,yes
80 m,C89-9 / C89-12,1,12.611875,418.517472,-0.0418213614,yes
80 m,C89-9 / C89-12,1,12.6135,418.496641,-0.0422537167,yes
80 m,C89-9 / C89-12,1,12.615125,418.476058,-0.042680917,yes
80 m,C89-9 / C89-12,1,12.61675,418.455725,-0.0431029632,yes
80 m,C89-9 / C89-12,1,12.618375,418.435641,-0.043519856,yes
80 m,C89-9 / C89-12,1,12.62,418.415806,-0.0439315963,yes
80 m,C89-9 / C89-12,1,12.621625,418.39622,-0.0443381848,yes
80 m,C89-9 / C89-12,1,12.62325,418.376884,-0.0447396223,yes
80 m,C89-9 / C89-12,1,12.624875,418.357796,-0.0451359095,yes
80 m,C89-9 / C89-12,1,12.6265,418.338957,-0.0455270472,yes
80 m,C89-9 / C89-12,1,12.628125,418.320367,-0.0459130362,yes
80 m,C89-9 / C89-12,1,12.62975,418.302026,-0.0462938772,yes
80 m,C89-9 / C89-12,1,12.631375,418.283933,-0.0466695709,yes
80 m,C89-9 / C89-12,1,12.633,418.266089,-0.0470401179,yes
80 m,C89-9 / C89-12,1,12.634625,418.248494,-0.0474055192,yes
80 m,C89-9 / C89-12,1,12.63625,418.231147,-0.0477657753,yes
80 m,C89-9 / C89-12,1,12.637875,418.214049,-0.0481208869,yes
80 m,C89-9 / C89-12,1,12.6395,418.197198,-0.0484708547,yes
80 m,C89-9 / C89-12,1,12.641125,418.180597,-0.0488156795,yes
80 m,C89-9 / C89-12,1,12.64275,418.164243,-0.0491553618,yes
80 m,C89-9 / C89-12,1,12.644375,418.148138,-0.0494899023,yes
80 m,C89-9 / C89-12,1,12.646,418.13228,-0.0498193017,yes
80 m,C89-9 / C89-12,1,12.647625,418.116671,-0.0501435605,yes
80 m,C89-9 / C89-12,1,12.64925,418.10131,-0.0504626796,yes
80 m,C89-9 / C89-12,1,12.650875,418.086196,-0.0507766593,yes
80 m,C89-9 / C89-12,1,12.6525,418.071331,-0.0510855005,yes
80 m,C89-9 / C89-12,1,12.654125,418.056713,-0.0513892036,yes
80 m,C89-9 / C89-12,1,12.65575,418.042343,-0.0516877693,yes
80 m,C89-9 / C89-12,1,12.657375,418.028221,-0.0519811982,yes
80 m,C89-9 / C89-12,1,12.659,418.014347,-0.0522694908,yes
80 m,C89-9 / C89-12,1,12.660625,418.00072,-0.0525526477,yes
80 m,C89-9 / C89-12,1,12.66225,417.98734,-0.0528306695,yes
80 m,C89-9 / C89-12,1,12.663875,417.974208,-0.0531035567,yes
80 m,C89-9 / C89-12,1,12.6655,417.961324,-0.0533713099,yes
80 m,C89-9 / C89-12,1,12.667125,417.948687,-0.0536339296,yes
80 m,C89-9 / C89-12,1,12.66875,417.936298,-0.0538914164,yes
80 m,C89-9 / C89-12,1,12.670375,417.924155,-0.0541437707,yes
80 m,C89-9 / C89-12,1,12.672,417.91226,-0.054390993,yes
80 m,C89-9 / C89-12,1,12.673625,417.900613,-0.0546330839,yes
80 m,C89-9 / C89-12,1,12.67525,417.889212,-0.0548700439,yes
80 m,C89-9 / C89-12,1,12.676875,417.878058,-0.0551018734,yes
80 m,C89-9 / C89-12,1,12.6785,417.867152,-0.055328573,yes
80 m,C89-9 / C89-12,1,12.680125,417.856493,-0.055550143,yes
80 m,C89-9 / C89-12,1,12.68175,417.84608,-0.0557665839,yes
80 m,C89-9 / C89-12,1,12.683375,417.835915,-0.0559778963,yes
80 m,C89-9 / C89-12,1,12.685,417.825997,-0.0561840805,yes
80 m,C89-9 / C89-12,1,12.686625,417.816325,-0.0563851369,yes
80 m,C89-9 / C89-12,1,12.68825,417.806901,-0.056581066,yes
80 m,C89-9 / C89-12,1,12.689875,417.797723,-0.0567718683,yes
80 m,C89-9 / C89-12,1,12.6915,417.788792,-0.056957544,yes
80 m,C89-9 / C89-12,1,12.693125,417.780107,-0.0571380937,yes
80 m,C89-9 / C89-12,1,12.69475,417.77167,-0.0573135176,yes
80 m,C89-9 / C89-12,1,12.696375,417.763479,-0.0574838162,yes
80 m,C89-9 / C89-12,1,12.698,417.755535,-0.0576489899,yes
80 m,C89-9 / C89-12,1,12.699625,417.747837,-0.057809039,yes
80 m,C89-9 / C89-12,1,12.70125,417.740386,-0.0579639638,yes
80 m,C89-9 / C89-12,1,12.702875,417.733181,-0.0581137648,yes
80 m,C89-9 / C89-12,1,12.7045,417.726224,-0.0582584422,yes
80 m,C89-9 / C89-12,1,12.706125,417.719512,-0.0583979964,yes
80 m,C89-9 / C89-12,1,12.70775,417.713047,-0.0585324277,yes
80 m,C89-9 / C89-12,1,12.709375,417.706829,-0.0586617364,yes
80 m,C89-9 / C89-12,1,12.711,417.700856,-0.0587859228,yes
80 m,C89-9 / C89-12,1,12.712625,417.695131,-0.0589049872,yes
80 m,C89-9 / C89-12,1,12.71425,417.689651,-0.0590189299,yes
80 m,C89-9 / C89-12,1,12.715875,417.684418,-0.0591277512,yes
80 m,C89-9 / C89-12,1,12.7175,417.679432,-0.0592314514,yes
80 m,C89-9 / C89-12,1,12.719125,417.674691,-0.0593300306,yes
80 m,C89-9 / C89-12,1,12.72075,417.670197,-0.0594234892,yes
80 m,C89-9 / C89-12,1,12.722375,417.665949,-0.0595118274,yes
80 m,C89-9 / C89-12,1,12.724,417.661948,-0.0595950454,yes
80 m,C89-9 / C89-12,1,12.725625,417.658193,-0.0596731435,yes
80 m,C89-9 / C89-12,1,12.72725,417.654683,-0.0597461218,yes
80 m,C89-9 / C89-12,1,12.728875,417.65142,-0.0598139807,yes
80 m,C89-9 / C89-12,1,12.7305,417.648404,-0.0598767202,yes
80 m,C89-9 / C89-12,1,12.732125,417.645633,-0.0599343406,yes
80 m,C89-9 / C89-12,1,12.73375,417.643109,-0.0599868421,yes
80 m,C89-9 / C89-12,1,12.735375,417.64083,-0.0600342248,yes
80 m,C89-9 / C89-12,1,12.737,417.638798,-0.0600764889,yes
80 m,C89-9 / C89-12,1,12.738625,417.637012,-0.0601136346,yes
80 m,C89-9 / C89-12,1,12.74025,417.635472,-0.0601456619,yes
80 m,C89-9 / C89-12,1,12.741875,417.634178,-0.0601725712,yes
80 m,C89-9 / C89-12,1,12.7435,417.633131,-0.0601943624,yes
80 m,C89-9 / C89-12,1,12.745125,417.632329,-0.0602110357,yes
80 m,C89-9 / C89-12,1,12.74675,417.631773,-0.0602225913,yes
80 m,C89-9 / C89-12,1,12.748375,417.631464,-0.0602290291,yes
80 m,C89-9 / C89-12,1,12.75,417.6314,-0.0602303494,yes
80 m,C89-9 / C89-12,1,12.751625,417.631583,-0.0602265522,yes
80 m,C89-9 / C89-12,1,12.75325,417.632012,-0.0602176377,yes
80 m,C89-9 / C89-12,1,12.754875,417.632686,-0.0602036057,yes
80 m,C89-9 / C89-12,1,12.7565,417.633607,-0.0601844565,yes
80 m,C89-9 / C89-12,1,12.758125,417.634774,-0.0601601902,yes
80 m,C89-9 / C89-12,1,12.75975,417.636187,-0.0601308066,yes
80 m,C89-9 / C89-12,1,12.761375,417.637845,-0.0600963059,yes
80 m,C89-9 / C89-12,1,12.763,417.63975,-0.0600566881,yes
80 m,C89-9 / C89-12,1,12.764625,417.641901,-0.0600119533,yes
80 m,C89-9 / C89-12,1,12.76625,417.644298,-0.0599621014,yes
80 m,C89-9 / C89-12,1,12.767875,417.646941,-0.0599071324,yes
80 m,C89-9 / C89-12,1,12.7695,417.649831,-0.0598470464,yes
80 m,C89-9 / C89-12,1,12.771125,417.652966,-0.0597818433,yes
80 m,C89-9 / C89-12,1,12.77275,417.656347,-0.0597115231,yes
80 m,C89-9 / C89-12,1,12.774375,417.659974,-0.0596360858,yes
80 m,C89-9 / C89-12,1,12.776,417.663848,-0.0595555314,yes
80 m,C89-9 / C89-12,1,12.777625,417.667967,-0.0594698597,yes
80 m,C89-9 / C89-12,1,12.77925,417.672333,-0.0593790708,yes
80 m,C89-9 / C89-12,1,12.780875,417.676945,-0.0592831645,yes
80 m,C89-9 / C89-12,1,12.7825,417.681803,-0.0591821409,yes
80 m,C89-9 / C89-12,1,12.784125,417.686907,-0.0590759997,yes
80 m,C89-9 / C89-12,1,12.78575,417.692257,-0.058964741,yes
80 m,C89-9 / C89-12,1,12.787375,417.697854,-0.0588483647,yes
80 m,C89-9 / C89-12,1,12.789,417.703696,-0.0587268705,yes
80 m,C89-9 / C89-12,1,12.790625,417.709785,-0.0586002585,yes
80 m,C89-9 / C89-12,1,12.79225,417.71612,-0.0584685285,yes
80 m,C89-9 / C89-12,1,12.793875,417.722701,-0.0583316803,yes
80 m,C89-9 / C89-12,1,12.7955,417.729529,-0.0581897139,yes
80 m,C89-9 / C89-12,1,12.797125,417.736603,-0.058042629,yes
80 m,C89-9 / C89-12,1,12.79875,417.743923,-0.0578904255,yes
80 m,C89-9 / C89-12,1,12.800375,417.751489,-0.0577331033,yes
80 m,C89-9 / C89-12,1,12.802,417.759302,-0.0575706622,yes
80 m,C89-9 / C89-12,1,12.803625,417.767361,-0.0574031019,yes
80 m,C89-9 / C89-12,1,12.80525,417.775667,-0.0572304223,yes
80 m,C89-9 / C89-12,1,12.806875,417.784218,-0.0570526233,yes
80 m,C89-9 / C89-12,1,12.8085,417.793017,-0.0568697046,yes
80 m,C89-9 / C89-12,1,12.810125,417.802062,-0.0566816659,yes
80 m,C89-9 / C89-12,1,12.81175,417.811353,-0.0564885071,yes
80 m,C89-9 / C89-12,1,12.813375,417.820891,-0.0562902279,yes
80 m,C89-9 / C89-12,1,12.815,417.830675,-0.056086828,yes
80 m,C89-9 / C89-12,1,12.816625,417.840706,-0.0558783074,yes
80 m,C89-9 / C89-12,1,12.81825,417.850983,-0.0556646655,yes
80 m,C89-9 / C89-12,1,12.819875,417.861508,-0.0554459023,yes
80 m,C89-9 / C89-12,1,12.8215,417.872278,-0.0552220174,yes
80 m,C89-9 / C89-12,1,12.823125,417.883296,-0.0549930105,yes
80 m,C89-9 / C89-12,1,12.82475,417.89456,-0.0547588814,yes
80 m,C89-9 / C89-12,1,12.826375,417.906071,-0.0545196297,yes
80 m,C89-9 / C89-12,1,12.828,417.917829,-0.0542752552,yes
80 m,C89-9 / C89-12,1,12.829625,417.929834,-0.0540257575,yes
80 m,C89-9 / C89-12,1,12.83125,417.942085,-0.0537711363,yes
80 m,C89-9 / C89-12,1,12.832875,417.954584,-0.0535113912,yes
80 m,C89-9 / C89-12,1,12.8345,417.967329,-0.0532465219,yes
80 m,C89-9 / C89-12,1,12.836125,417.980321,-0.0529765281,yes
80 m,C89-9 / C89-12,1,12.83775,417.993561,-0.0527014094,yes
80 m,C89-9 / C89-12,1,12.839375,418.007047,-0.0524211654,yes
80 m,C89-9 / C89-12,1,12.841,418.020781,-0.0521357958,yes
80 m,C89-9 / C89-12,1,12.842625,418.034762,-0.0518453001,yes
80 m,C89-9 / C89-12,1,12.84425,418.048989,-0.051549678,yes
80 m,C89-9 / C89-12,1,12.845875,418.063465,-0.0512489291,yes
80 m,C89-9 / C89-12,1,12.8475,418.078187,-0.0509430529,yes
80 m,C89-9 / C89-12,1,12.849125,418.093157,-0.050632049,yes
80 m,C89-9 / C89-12,1,12.85075,418.108374,-0.0503159171,yes
80 m,C89-9 / C89-12,1,12.852375,418.123839,-0.0499946566,yes
80 m,C89-9 / C89-12,1,12.854,418.139551,-0.0496682672,yes
80 m,C89-9 / C89-12,1,12.855625,418.155511,-0.0493367483,yes
80 m,C89-9 / C89-12,1,12.85725,418.171718,-0.0490000995,yes
80 m,C89-9 / C89-12,1,12.858875,418.188173,-0.0486583203,yes
80 m,C89-9 / C89-12,1,12.8605,418.204875,-0.0483114103,yes
80 m,C89-9 / C89-12,1,12.862125,418.221826,-0.047959369,yes
80 m,C89-9 / C89-12,1,12.86375,418.239024,-0.0476021958,yes
80 m,C89-9 / C89-12,1,12.865375,418.25647,-0.0472398903,yes
80 m,C89-9 / C89-12,1,12.867,418.274163,-0.0468724519,yes
80 m,C89-9 / C89-12,1,12.868625,418.292105,-0.0464998802,yes
80 m,C89-9 / C89-12,1,12.87025,418.310295,-0.0461221745,yes
80 m,C89-9 / C89-12,1,12.871875,418.328733,-0.0457393344,yes
80 m,C89-9 / C89-12,1,12.8735,418.347419,-0.0453513593,yes
80 m,C89-9 / C89-12,1,12.875125,418.366353,-0.0449582487,yes
80 m,C89-9 / C89-12,1,12.87675,418.385536,-0.0445600019,yes
80 m,C89-9 / C89-12,1,12.878375,418.404966,-0.0441566184,yes
80 m,C89-9 / C89-12,1,12.88,418.424646,-0.0437480977,yes
80 m,C89-9 / C89-12,1,12.881625,418.444573,-0.0433344391,yes
80 m,C89-9 / C89-12,1,12.88325,418.464749,-0.042915642,yes
80 m,C89-9 / C89-12,1,12.884875,418.485174,-0.0424917059,yes
80 m,C89-9 / C89-12,1,12.8865,418.505847,-0.0420626301,yes
80 m,C89-9 / C89-12,1,12.888125,418.526769,-0.041628414,yes
80 m,C89-9 / C89-12,1,12.88975,418.54794,-0.0411890569,yes
80 m,C89-9 / C89-12,1,12.891375,418.56936,-0.0407445582,yes
80 m,C89-9 / C89-12,1,12.893,418.591028,-0.0402949173,yes
80 m,C89-9 / C89-12,1,12.894625,418.612946,-0.0398401335,yes
80 m,C89-9 / C89-12,1,12.89625,418.635113,-0.0393802061,yes
80 m,C89-9 / C89-12,1,12.897875,418.657528,-0.0389151345,yes
80 m,C89-9 / C89-12,1,12.8995,418.680193,-0.038444918,yes
80 m,C89-9 / C89-12,1,12.901125,418.703107,-0.0379695558,yes
80 m,C89-9 / C89-12,1,12.90275,418.726271,-0.0374890473,yes
80 m,C89-9 / C89-12,1,12.904375,418.749684,-0.0370033918,yes
80 m,C89-9 / C89-12,1,12.906,418.773346,-0.0365125885,yes
80 m,C89-9 / C89-12,1,12.907625,418.797258,-0.0360166368,yes
80 m,C89-9 / C89-12,1,12.90925,418.82142,-0.0355155358,yes
80 m,C89-9 / C89-12,1,12.910875,418.845832,-0.0350092849,yes
80 m,C89-9 / C89-12,1,12.9125,418.870493,-0.0344978832,yes
80 m,C89-9 / C89-12,1,12.914125,418.895404,-0.0339813301,yes
80 m,C89-9 / C89-12,1,12.91575,418.920565,-0.0334596248,yes
80 m,C89-9 / C89-12,1,12.917375,418.945976,-0.0329327664,yes
80 m,C89-9 / C89-12,1,12.919,418.971637,-0.0324007542,yes
80 m,C89-9 / C89-12,1,12.920625,418.997549,-0.0318635874,yes
80 m,C89-9 / C89-12,1,12.92225,419.023711,-0.0313212651,yes
80 m,C89-9 / C89-12,1,12.923875,419.050123,-0.0307737867,yes
80 m,C89-9 / C89-12,1,12.9255,419.076786,-0.0302211512,yes
80 m,C89-9 / C89-12,1,12.927125,419.103699,-0.0296633578,yes
80 m,C89-9 / C89-12,1,12.92875,419.130863,-0.0291004057,yes
80 m,C89-9 / C89-12,1,12.930375,419.158278,-0.0285322941,yes
80 m,C89-9 / C89-12,1,12.932,419.185943,-0.027959022,yes
80 m,C89-9 / C89-12,1,12.933625,419.21386,-0.0273805886,yes
80 m,C89-9 / C89-12,1,12.93525,419.242027,-0.026796993,yes
80 m,C89-9 / C89-12,1,12.936875,419.270446,-0.0262082345,yes
80 m,C89-9 / C89-12,1,12.9385,419.299116,-0.0256143119,yes
80 m,C89-9 / C89-12,1,12.940125,419.328037,-0.0250152246,yes
80 m,C89-9 / C89-12,1,12.94175,419.357209,-0.0244109715,yes
80 m,C89-9 / C89-12,1,12.943375,419.386633,-0.0238015517,yes
80 m,C89-9 / C89-12,1,12.945,419.416309,-0.0231869644,yes
80 m,C89-9 / C89-12,1,12.946625,419.446236,-0.0225672085,yes
80 m,C89-9 / C89-12,1,12.94825,419.476415,-0.0219422832,yes
80 m,C89-9 / C89-12,1,12.949875,419.506846,-0.0213121875,yes
80 m,C89-9 / C89-12,1,12.9515,419.537529,-0.0206769203,yes
80 m,C89-9 / C89-12,1,12.953125,419.568464,-0.0200364809,yes
80 m,C89-9 / C89-12,1,12.95475,419.599651,-0.0193908681,yes
80 m,C89-9 / C89-12,1,12.956375,419.631091,-0.018740081,yes
80 m,C89-9 / C89-12,1,12.958,419.662783,-0.0180841186,yes
80 m,C89-9 / C89-12,1,12.959625,419.694727,-0.01742298,yes
80 m,C89-9 / C89-12,1,12.96125,419.726924,-0.016756664,yes
80 m,C89-9 / C89-12,1,12.962875,419.759374,-0.0160851697,yes
80 m,C89-9 / C89-12,1,12.9645,419.792076,-0.015408496,yes
80 m,C89-9 / C89-12,1,12.966125,419.825032,-0.0147266419,yes
80 m,C89-9 / C89-12,1,12.96775,419.858241,-0.0140396063,yes
80 m,C89-9 / C89-12,1,12.969375,419.891702,-0.0133473883,yes
80 m,C89-9 / C89-12,1,12.971,419.925417,-0.0126499867,yes
80 m,C89-9 / C89-12,1,12.972625,419.959386,-0.0119474004,yes
80 m,C89-9 / C89-12,1,12.97425,419.993608,-0.0112396284,yes
80 m,C89-9 / C89-12,1,12.975875,420.028083,-0.0105266696,yes
80 m,C89-9 / C89-12,1,12.9775,420.062812,-0.00980852294,yes
80 m,C89-9 / C89-12,1,12.979125,420.097795,-0.00908518719,yes
80 m,C89-9 / C89-12,1,12.98075,420.133032,-0.00835666134,yes
80 m,C89-9 / C89-12,1,12.982375,420.168524,-0.00762294422,yes
80 m,C89-9 / C89-12,1,12.984,420.204269,-0.00688403471,yes
80 m,C89-9 / C89-12,1,12.985625,420.240269,-0.00613993165,yes
80 m,C89-9 / C89-12,1,12.98725,420.276523,-0.00539063392,yes
80 m,C89-9 / C89-12,1,12.988875,420.313031,-0.00463614034,yes
80 m,C89-9 / C89-12,1,12.9905,420.349794,-0.00387644975,yes
80 m,C89-9 / C89-12,1,12.992125,420.386813,-0.00311156094,yes
80 m,C89-9 / C89-12,1,12.99375,420.424086,-0.00234147278,yes
80 m,C89-9 / C89-12,1,12.995375,420.461614,-0.00156618402,yes
80 m,C89-9 / C89-12,1,12.997,420.499397,-0.000785693509,yes
80 m,C89-9 / C89-12,1,12.998625,420.537435,0,yes
80 m,C89-9 / C89-12,1,13.00025,420.575729,0.000790897734,no
80 m,C89-9 / C89-12,1,13.001875,420.614279,0.0015870009,no
80 m,C89-9 / C89-12,1,13.0035,420.653084,0.00238831075,no
80 m,C89-9 / C89-12,1,13.005125,420.692145,0.00319482853,no
80 m,C89-9 / C89-12,1,13.00675,420.731462,0.00400655548,no
80 m,C89-9 / C89-12,1,13.008375,420.771035,0.00482349288,no
80 m,C89-9 / C89-12,1,13.01,420.810865,0.00564564202,no
80 m,C89-9 / C89-12,1,13.011625,420.85095,0.00647300417,no
80 m,C89-9 / C89-12,1,13.01325,420.891292,0.00730558059,no
80 m,C89-9 / C89-12,1,13.014875,420.931891,0.00814337262,no
80 m,C89-9 / C89-12,1,13.0165,420.972747,0.00898638155,no
80 m,C89-9 / C89-12,1,13.018125,421.013859,0.00983460871,no
80 m,C89-9 / C89-12,1,13.01975,421.055229,0.0106880554,no
80 m,C89-9 / C89-12,1,13.021375,421.096855,0.011546723,no
80 m,C89-9 / C89-12,1,13.023,421.138739,0.0124106129,no
80 m,C89-9 / C89-12,1,13.024625,421.180881,0.0132797263,no
80 m,C89-9 / C89-12,1,13.02625,421.22328,0.0141540646,no
80 m,C89-9 / C89-12,1,13.027875,421.265936,0.0150336293,no
80 m,C89-9 / C89-12,1,13.0295,421.308851,0.0159184217,no
80 m,C89-9 / C89-12,1,13.031125,421.352024,0.0168084432,no
80 m,C89-9 / C89-12,1,13.03275,421.395454,0.0177036951,no
80 m,C89-9 / C89-12,1,13.034375,421.439144,0.018604179,no
80 m,C89-9 / C89-12,1,13.036,421.483091,0.0195098961,no
80 m,C89-9 / C89-12,1,13.037625,421.527298,0.020420848,no
80 m,C89-9 / C89-12,1,13.03925,421.571763,0.021337036,no
80 m,C89-9 / C89-12,1,13.040875,421.616487,0.0222584617,no
80 m,C89-9 / C89-12,1,13.0425,421.66147,0.0231851264,no
80 m,C89-9 / C89-12,1,13.044125,421.706712,0.0241170316,no
80 m,C89-9 / C89-12,1,13.04575,421.752214,0.0250541788,no
80 m,C89-9 / C89-12,1,13.047375,421.797975,0.0259965695,no
80 m,C89-9 / C89-12,1,13.049,421.843996,0.0269442051,no
80 m,C89-9 / C89-12,1,13.050625,421.890277,0.0278970872,no
80 m,C89-9 / C89-12,1,13.05225,421.936817,0.0288552172,no
80 m,C89-9 / C89-12,1,13.053875,421.983618,0.0298185967,no
80 m,C89-9 / C89-12,1,13.0555,422.03068,0.0307872271,no
80 m,C89-9 / C89-12,1,13.057125,422.078001,0.0317611101,no
80 m,C89-9 / C89-12,1,13.05875,422.125584,0.0327402472,no
80 m,C89-9 / C89-12,1,13.060375,422.173427,0.0337246398,no
80 m,C89-9 / C89-12,1,13.062,422.221531,0.0347142896,no
80 m,C89-9 / C89-12,1,13.063625,422.269896,0.0357091982,no
80 m,C89-9 / C89-12,1,13.06525,422.318523,0.036709367,no
80 m,C89-9 / C89-12,1,13.066875,422.367411,0.0377147978,no
80 m,C89-9 / C89-12,1,13.0685,422.416561,0.038725492,no
80 m,C89-9 / C89-12,1,13.070125,422.465972,0.0397414514,no
80 m,C89-9 / C89-12,1,13.07175,422.515646,0.0407626774,no
80 m,C89-9 / C89-12,1,13.073375,422.565582,0.0417891718,no
80 m,C89-9 / C89-12,1,13.075,422.61578,0.0428209361,no
40 m,C89-8 / C89-11,2,15.925,1173.83294,0.0484517034,no
40 m,C89-8 / C89-11,2,15.926625,1173.67524,0.0472847127,no
40 m,C89-8 / C89-11,2,15.92825,1173.51837,0.0461236599,no
40 m,C89-8 / C89-11,2,15.929875,1173.36231,0.0449685436,no
40 m,C89-8 / C89-11,2,15.9315,1173.20708,0.0438193625,no
40 m,C89-8 / C89-11,2,15.933125,1173.05267,0.0426761149,no
40 m,C89-8 / C89-11,2,15.93475,1172.89909,0.0415387997,no
40 m,C89-8 / C89-11,2,15.936375,1172.74632,0.0404074151,no
40 m,C89-8 / C89-11,2,15.938,1172.59437,0.0392819601,no
40 m,C89-8 / C89-11,2,15.939625,1172.44325,0.038162433,no
40 m,C89-8 / C89-11,2,15.94125,1172.29294,0.0370488326,no
40 m,C89-8 / C89-11,2,15.942875,1172.14345,0.0359411574,no
40 m,C89-8 / C89-11,2,15.9445,1171.99478,0.0348394061,no
40 m,C89-8 / C89-11,2,15.946125,1171.84693,0.0337435773,no
40 m,C89-8 / C89-11,2,15.94775,1171.6999,0.0326536696,no
40 m,C89-8 / C89-11,2,15.949375,1171.55368,0.0315696817,no
40 m,C89-8 / C89-11,2,15.951,1171.40828,0.0304916122,no
40 m,C89-8 / C89-11,2,15.952625,1171.26369,0.0294194598,no
40 m,C89-8 / C89-11,2,15.95425,1171.11992,0.0283532231,no
40 m,C89-8 / C89-11,2,15.955875,1170.97697,0.0272929009,no
40 m,C89-8 / C89-11,2,15.9575,1170.83483,0.0262384919,no
40 m,C89-8 / C89-11,2,15.959125,1170.6935,0.0251899946,no
40 m,C89-8 / C89-11,2,15.96075,1170.55299,0.0241474079,no
40 m,C89-8 / C89-11,2,15.962375,1170.41329,0.0231107303,no
40 m,C89-8 / C89-11,2,15.964,1170.2744,0.0220799607,no
40 m,C89-8 / C89-11,2,15.965625,1170.13633,0.0210550977,no
40 m,C89-8 / C89-11,2,15.96725,1169.99907,0.0200361402,no
40 m,C89-8 / C89-11,2,15.968875,1169.86262,0.0190230867,no
40 m,C89-8 / C89-11,2,15.9705,1169.72697,0.0180159361,no
40 m,C89-8 / C89-11,2,15.972125,1169.59214,0.017014687,no
40 m,C89-8 / C89-11,2,15.97375,1169.45812,0.0160193384,no
40 m,C89-8 / C89-11,2,15.975375,1169.32491,0.0150298889,no
40 m,C89-8 / C89-11,2,15.977,1169.19251,0.0140463373,no
40 m,C89-8 / C89-11,2,15.978625,1169.06092,0.0130686823,no
40 m,C89-8 / C89-11,2,15.98025,1168.93013,0.0120969229,no
40 m,C89-8 / C89-11,2,15.981875,1168.80016,0.0111310577,no
40 m,C89-8 / C89-11,2,15.9835,1168.67099,0.0101710856,no
40 m,C89-8 / C89-11,2,15.985125,1168.54262,0.00921700538,no
40 m,C89-8 / C89-11,2,15.98675,1168.41507,0.00826881578,no
40 m,C89-8 / C89-11,2,15.988375,1168.28832,0.00732651576,no
40 m,C89-8 / C89-11,2,15.99,1168.16237,0.00639010407,no
40 m,C89-8 / C89-11,2,15.991625,1168.03723,0.0054595796,no
40 m,C89-8 / C89-11,2,15.99325,1167.9129,0.00453494121,no
40 m,C89-8 / C89-11,2,15.994875,1167.78937,0.00361618773,no
40 m,C89-8 / C89-11,2,15.9965,1167.66664,0.00270331795,no
40 m,C89-8 / C89-11,2,15.998125,1167.54472,0.00179633084,no
40 m,C89-8 / C89-11,2,15.99975,1167.4236,0.000895225195,no
40 m,C89-8 / C89-11,2,16.001375,1167.30329,0,yes
40 m,C89-8 / C89-11,2,16.003,1167.18377,-0.000889345903,yes
40 m,C89-8 / C89-11,2,16.004625,1167.06506,-0.00177281361,yes
40 m,C89-8 / C89-11,2,16.00625,1166.94715,-0.00265040426,yes
40 m,C89-8 / C89-11,2,16.007875,1166.83004,-0.00352211887,yes
40 m,C89-8 / C89-11,2,16.0095,1166.71373,-0.00438795849,yes
40 m,C89-8 / C89-11,2,16.011125,1166.59823,-0.00524792428,yes
40 m,C89-8 / C89-11,2,16.01275,1166.48352,-0.00610201726,yes
40 m,C89-8 / C89-11,2,16.014375,1166.36961,-0.00695023849,yes
40 m,C89-8 / C89-11,2,16.016,1166.2565,-0.00779258897,yes
40 m,C89-8 / C89-11,2,16.017625,1166.1442,-0.00862906984,yes
40 m,C89-8 / C89-11,2,16.01925,1166.03268,-0.00945968199,yes
40 m,C89-8 / C89-11,2,16.020875,1165.92197,-0.0102844266,yes
40 m,C89-8 / C89-11,2,16.0225,1165.81206,-0.0111033046,yes
40 m,C89-8 / C89-11,2,16.024125,1165.70294,-0.011916317,yes
40 m,C89-8 / C89-11,2,16.02575,1165.59462,-0.0127234648,yes
40 m,C89-8 / C89-11,2,16.027375,1165.4871,-0.013524749,yes
40 m,C89-8 / C89-11,2,16.029,1165.38037,-0.0143201707,yes
40 m,C89-8 / C89-11,2,16.030625,1165.27444,-0.0151097305,yes
40 m,C89-8 / C89-11,2,16.03225,1165.16931,-0.0158934299,yes
40 m,C89-8 / C89-11,2,16.033875,1165.06497,-0.0166712695,yes
40 m,C89-8 / C89-11,2,16.0355,1164.96143,-0.0174432503,yes
40 m,C89-8 / C89-11,2,16.037125,1164.85868,-0.0182093734,yes
40 m,C89-8 / C89-11,2,16.03875,1164.75672,-0.0189696396,yes
40 m,C89-8 / C89-11,2,16.040375,1164.65556,-0.0197240499,yes
40 m,C89-8 / C89-11,2,16.042,1164.5552,-0.0204726052,yes
40 m,C89-8 / C89-11,2,16.043625,1164.45562,-0.0212153064,yes
40 m,C89-8 / C89-11,2,16.04525,1164.35684,-0.0219521545,yes
40 m,C89-8 / C89-11,2,16.046875,1164.25886,-0.0226831503,yes
40 m,C89-8 / C89-11,2,16.0485,1164.16166,-0.0234082947,yes
40 m,C89-8 / C89-11,2,16.050125,1164.06526,-0.0241275886,yes
40 m,C89-8 / C89-11,2,16.05175,1163.96965,-0.024841033,yes
40 m,C89-8 / C89-11,2,16.053375,1163.87483,-0.0255486286,yes
40 m,C89-8 / C89-11,2,16.055,1163.7808,-0.0262503763,yes
40 m,C89-8 / C89-11,2,16.056625,1163.68757,-0.0269462771,yes
40 m,C89-8 / C89-11,2,16.05825,1163.59512,-0.0276363317,yes
40 m,C89-8 / C89-11,2,16.059875,1163.50347,-0.0283205409,yes
40 m,C89-8 / C89-11,2,16.0615,1163.4126,-0.0289989057,yes
40 m,C89-8 / C89-11,2,16.063125,1163.32252,-0.0296714268,yes
40 m,C89-8 / C89-11,2,16.06475,1163.23324,-0.0303381051,yes
40 m,C89-8 / C89-11,2,16.066375,1163.14474,-0.0309989414,yes
40 m,C89-8 / C89-11,2,16.068,1163.05703,-0.0316539364,yes
40 m,C89-8 / C89-11,2,16.069625,1162.97011,-0.0323030911,yes
40 m,C89-8 / C89-11,2,16.07125,1162.88398,-0.0329464061,yes
40 m,C89-8 / C89-11,2,16.072875,1162.79864,-0.0335838822,yes
40 m,C89-8 / C89-11,2,16.0745,1162.71408,-0.0342155203,yes
40 m,C89-8 / C89-11,2,16.076125,1162.63031,-0.0348413211,yes
40 m,C89-8 / C89-11,2,16.07775,1162.54733,-0.0354612853,yes
40 m,C89-8 / C89-11,2,16.079375,1162.46514,-0.0360754137,yes
40 m,C89-8 / C89-11,2,16.081,1162.38373,-0.036683707,yes
40 m,C89-8 / C89-11,2,16.082625,1162.30311,-0.037286166,yes
40 m,C89-8 / C89-11,2,16.08425,1162.22328,-0.0378827914,yes
40 m,C89-8 / C89-11,2,16.085875,1162.14423,-0.0384735839,yes
40 m,C89-8 / C89-11,2,16.0875,1162.06596,-0.0390585443,yes
40 m,C89-8 / C89-11,2,16.089125,1161.98849,-0.0396376732,yes
40 m,C89-8 / C89-11,2,16.09075,1161.91179,-0.0402109713,yes
40 m,C89-8 / C89-11,2,16.092375,1161.83589,-0.0407784394,yes
40 m,C89-8 / C89-11,2,16.094,1161.76076,-0.0413400781,yes
40 m,C89-8 / C89-11,2,16.095625,1161.68642,-0.0418958881,yes
40 m,C89-8 / C89-11,2,16.09725,1161.61287,-0.04244587,yes
40 m,C89-8 / C89-11,2,16.098875,1161.5401,-0.0429900246,yes
40 m,C89-8 / C89-11,2,16.1005,1161.46811,-0.0435283524,yes
40 m,C89-8 / C89-11,2,16.102125,1161.39691,-0.044060854,yes
40 m,C89-8 / C89-11,2,16.10375,1161.32649,-0.0445875303,yes
40 m,C89-8 / C89-11,2,16.105375,1161.25685,-0.0451083817,yes
40 m,C89-8 / C89-11,2,16.107,1161.188,-0.0456234089,yes
40 m,C89-8 / C89-11,2,16.108625,1161.11992,-0.0461326126,yes
40 m,C89-8 / C89-11,2,16.11025,1161.05264,-0.0466359932,yes
40 m,C89-8 / C89-11,2,16.111875,1160.98613,-0.0471335515,yes
40 m,C89-8 / C89-11,2,16.1135,1160.9204,-0.0476252879,yes
40 m,C89-8 / C89-11,2,16.115125,1160.85546,-0.0481112031,yes
40 m,C89-8 / C89-11,2,16.11675,1160.7913,-0.0485912977,yes
40 m,C89-8 / C89-11,2,16.118375,1160.72792,-0.0490655723,yes
40 m,C89-8 / C89-11,2,16.12,1160.66532,-0.0495340273,yes
40 m,C89-8 / C89-11,2,16.121625,1160.6035,-0.0499966633,yes
40 m,C89-8 / C89-11,2,16.12325,1160.54246,-0.0504534809,yes
40 m,C89-8 / C89-11,2,16.124875,1160.4822,-0.0509044807,yes
40 m,C89-8 / C89-11,2,16.1265,1160.42272,-0.0513496631,yes
40 m,C89-8 / C89-11,2,16.128125,1160.36403,-0.0517890287,yes
40 m,C89-8 / C89-11,2,16.12975,1160.30611,-0.052222578,yes
40 m,C89-8 / C89-11,2,16.131375,1160.24897,-0.0526503114,yes
40 m,C89-8 / C89-11,2,16.133,1160.19262,-0.0530722296,yes
40 m,C89-8 / C89-11,2,16.134625,1160.13704,-0.053488333,yes
40 m,C89-8 / C89-11,2,16.13625,1160.08224,-0.053898622,yes
40 m,C89-8 / C89-11,2,16.137875,1160.02822,-0.0543030972,yes
40 m,C89-8 / C89-11,2,16.1395,1159.97498,-0.0547017589,yes
40 m,C89-8 / C89-11,2,16.141125,1159.92251,-0.0550946078,yes
40 m,C89-8 / C89-11,2,16.14275,1159.87083,-0.0554816441,yes
40 m,C89-8 / C89-11,2,16.144375,1159.81992,-0.0558628685,yes
40 m,C89-8 / C89-11,2,16.146,1159.7698,-0.0562382813,yes
40 m,C89-8 / C89-11,2,16.147625,1159.72045,-0.0566078829,yes
40 m,C89-8 / C89-11,2,16.14925,1159.67188,-0.0569716737,yes
40 m,C89-8 / C89-11,2,16.150875,1159.62408,-0.0573296543,yes
40 m,C89-8 / C89-11,2,16.1525,1159.57707,-0.0576818249,yes
40 m,C89-8 / C89-11,2,16.154125,1159.53083,-0.058028186,yes
40 m,C89-8 / C89-11,2,16.15575,1159.48537,-0.058368738,yes
40 m,C89-8 / C89-11,2,16.157375,1159.44068,-0.0587034812,yes
40 m,C89-8 / C89-11,2,16.159,1159.39677,-0.0590324161,yes
40 m,C89-8 / C89-11,2,16.160625,1159.35364,-0.059355543,yes
40 m,C89-8 / C89-11,2,16.16225,1159.31129,-0.0596728622,yes
40 m,C89-8 / C89-11,2,16.163875,1159.26971,-0.0599843742,yes
40 m,C89-8 / C89-11,2,16.1655,1159.22891,-0.0602900792,yes
40 m,C89-8 / C89-11,2,16.167125,1159.18889,-0.0605899776,yes
40 m,C89-8 / C89-11,2,16.16875,1159.14964,-0.0608840698,yes
40 m,C89-8 / C89-11,2,16.170375,1159.11117,-0.061172356,yes
40 m,C89-8 / C89-11,2,16.172,1159.07347,-0.0614548366,yes
40 m,C89-8 / C89-11,2,16.173625,1159.03655,-0.0617315119,yes
40 m,C89-8 / C89-11,2,16.17525,1159.00041,-0.0620023821,yes
40 m,C89-8 / C89-11,2,16.176875,1158.96504,-0.0622674476,yes
40 m,C89-8 / C89-11,2,16.1785,1158.93045,-0.0625267087,yes
40 m,C89-8 / C89-11,2,16.180125,1158.89663,-0.0627801656,yes
40 m,C89-8 / C89-11,2,16.18175,1158.86359,-0.0630278186,yes
40 m,C89-8 / C89-11,2,16.183375,1158.83132,-0.063269668,yes
40 m,C89-8 / C89-11,2,16.185,1158.79983,-0.0635057139,yes
40 m,C89-8 / C89-11,2,16.186625,1158.76911,-0.0637359568,yes
40 m,C89-8 / C89-11,2,16.18825,1158.73917,-0.0639603966,yes
40 m,C89-8 / C89-11,2,16.189875,1158.71,-0.0641790339,yes
40 m,C89-8 / C89-11,2,16.1915,1158.68161,-0.0643918688,yes
40 m,C89-8 / C89-11,2,16.193125,1158.65399,-0.0645989013,yes
40 m,C89-8 / C89-11,2,16.19475,1158.62715,-0.0648001318,yes
40 m,C89-8 / C89-11,2,16.196375,1158.60108,-0.0649955606,yes
40 m,C89-8 / C89-11,2,16.198,1158.57579,-0.0651851876,yes
40 m,C89-8 / C89-11,2,16.199625,1158.55127,-0.0653690133,yes
40 m,C89-8 / C89-11,2,16.20125,1158.52752,-0.0655470377,yes
40 m,C89-8 / C89-11,2,16.202875,1158.50455,-0.0657192609,yes
40 m,C89-8 / C89-11,2,16.2045,1158.48236,-0.0658856832,yes
40 m,C89-8 / C89-11,2,16.206125,1158.46093,-0.0660463047,yes
40 m,C89-8 / C89-11,2,16.20775,1158.44029,-0.0662011256,yes
40 m,C89-8 / C89-11,2,16.209375,1158.42041,-0.066350146,yes
40 m,C89-8 / C89-11,2,16.211,1158.40131,-0.066493366,yes
40 m,C89-8 / C89-11,2,16.212625,1158.38298,-0.0666307857,yes
40 m,C89-8 / C89-11,2,16.21425,1158.36543,-0.0667624054,yes
40 m,C89-8 / C89-11,2,16.215875,1158.34865,-0.0668882249,yes
40 m,C89-8 / C89-11,2,16.2175,1158.33264,-0.0670082446,yes
40 m,C89-8 / C89-11,2,16.219125,1158.31741,-0.0671224644,yes
40 m,C89-8 / C89-11,2,16.22075,1158.30295,-0.0672308845,yes
40 m,C89-8 / C89-11,2,16.222375,1158.28927,-0.0673335048,yes
40 m,C89-8 / C89-11,2,16.224,1158.27636,-0.0674303256,yes
40 m,C89-8 / C89-11,2,16.225625,1158.26422,-0.0675213468,yes
40 m,C89-8 / C89-11,2,16.22725,1158.25286,-0.0676065686,yes
40 m,C89-8 / C89-11,2,16.228875,1158.24227,-0.0676859908,yes
40 m,C89-8 / C89-11,2,16.2305,1158.23245,-0.0677596137,yes
40 m,C89-8 / C89-11,2,16.232125,1158.2234,-0.0678274372,yes
40 m,C89-8 / C89-11,2,16.23375,1158.21513,-0.0678894613,yes
40 m,C89-8 / C89-11,2,16.235375,1158.20764,-0.0679456861,yes
40 m,C89-8 / C89-11,2,16.237,1158.20091,-0.0679961115,yes
40 m,C89-8 / C89-11,2,16.238625,1158.19496,-0.0680407376,yes
40 m,C89-8 / C89-11,2,16.24025,1158.18978,-0.0680795644,yes
40 m,C89-8 / C89-11,2,16.241875,1158.18538,-0.0681125918,yes
40 m,C89-8 / C89-11,2,16.2435,1158.18175,-0.0681398199,yes
40 m,C89-8 / C89-11,2,16.245125,1158.17889,-0.0681612485,yes
40 m,C89-8 / C89-11,2,16.24675,1158.17681,-0.0681768776,yes
40 m,C89-8 / C89-11,2,16.248375,1158.1755,-0.0681867073,yes
40 m,C89-8 / C89-11,2,16.25,1158.17496,-0.0681907374,yes
40 m,C89-8 / C89-11,2,16.251625,1158.1752,-0.0681889679,yes
40 m,C89-8 / C89-11,2,16.25325,1158.17621,-0.0681813988,yes
40 m,C89-8 / C89-11,2,16.254875,1158.17799,-0.0681680297,yes
40 m,C89-8 / C89-11,2,16.2565,1158.18054,-0.0681488609,yes
40 m,C89-8 / C89-11,2,16.258125,1158.18387,-0.0681238922,yes
40 m,C89-8 / C89-11,2,16.25975,1158.18798,-0.0680931234,yes
40 m,C89-8 / C89-11,2,16.261375,1158.19285,-0.0680565544,yes
40 m,C89-8 / C89-11,2,16.263,1158.1985,-0.0680141852,yes
40 m,C89-8 / C89-11,2,16.264625,1158.20493,-0.0679660156,yes
40 m,C89-8 / C89-11,2,16.26625,1158.21212,-0.0679120454,yes
40 m,C89-8 / C89-11,2,16.267875,1158.22009,-0.0678522746,yes
40 m,C89-8 / C89-11,2,16.2695,1158.22884,-0.067786703,yes
40 m,C89-8 / C89-11,2,16.271125,1158.23835,-0.0677153304,yes
40 m,C89-8 / C89-11,2,16.27275,1158.24864,-0.0676381567,yes
40 m,C89-8 / C89-11,2,16.274375,1158.25971,-0.0675551816,yes
40 m,C89-8 / C89-11,2,16.276,1158.27155,-0.0674664052,yes
40 m,C89-8 / C89-11,2,16.277625,1158.28416,-0.067371827,yes
40 m,C89-8 / C89-11,2,16.27925,1158.29755,-0.067271447,yes
40 m,C89-8 / C89-11,2,16.280875,1158.31171,-0.0671652649,yes
40 m,C89-8 / C89-11,2,16.2825,1158.32664,-0.0670532806,yes
40 m,C89-8 / C89-11,2,16.284125,1158.34235,-0.0669354937,yes
40 m,C89-8 / C89-11,2,16.28575,1158.35883,-0.0668119042,yes
40 m,C89-8 / C89-11,2,16.287375,1158.37608,-0.0666825117,yes
40 m,C89-8 / C89-11,2,16.289,1158.39411,-0.0665473161,yes
40 m,C89-8 / C89-11,2,16.290625,1158.41292,-0.066406317,yes
40 m,C89-8 / C89-11,2,16.29225,1158.4325,-0.0662595142,yes
40 m,C89-8 / C89-11,2,16.293875,1158.45285,-0.0661069075,yes
40 m,C89-8 / C89-11,2,16.2955,1158.47398,-0.0659484966,yes
40 m,C89-8 / C89-11,2,16.297125,1158.49588,-0.0657842811,yes
40 m,C89-8 / C89-11,2,16.29875,1158.51856,-0.0656142609,yes
40 m,C89-8 / C89-11,2,16.300375,1158.54201,-0.0654384356,yes
40 m,C89-8 / C89-11,2,16.302,1158.56624,-0.065256805,yes
40 m,C89-8 / C89-11,2,16.303625,1158.59124,-0.0650693686,yes
40 m,C89-8 / C89-11,2,16.30525,1158.61701,-0.0648761262,yes
40 m,C89-8 / C89-11,2,16.306875,1158.64357,-0.0646770775,yes
40 m,C89-8 / C89-11,2,16.3085,1158.67089,-0.0644722222,yes
40 m,C89-8 / C89-11,2,16.310125,1158.699,-0.0642615598,yes
40 m,C89-8 / C89-11,2,16.31175,1158.72787,-0.0640450901,yes
40 m,C89-8 / C89-11,2,16.313375,1158.75753,-0.0638228126,yes
40 m,C89-8 / C89-11,2,16.315,1158.78795,-0.0635947271,yes
40 m,C89-8 / C89-11,2,16.316625,1158.81916,-0.0633608332,yes
40 m,C89-8 / C89-11,2,16.31825,1158.85114,-0.0631211304,yes
40 m,C89-8 / C89-11,2,16.319875,1158.88389,-0.0628756184,yes
40 m,C89-8 / C89-11,2,16.3215,1158.91743,-0.0626242968,yes
40 m,C89-8 / C89-11,2,16.323125,1158.95174,-0.0623671652,yes
40 m,C89-8 / C89-11,2,16.32475,1158.98682,-0.0621042232,yes
40 m,C89-8 / C89-11,2,16.326375,1159.02268,-0.0618354703,yes
40 m,C89-8 / C89-11,2,16.328,1159.05932,-0.0615609062,yes
40 m,C89-8 / C89-11,2,16.329625,1159.09673,-0.0612805304,yes
40 m,C89-8 / C89-11,2,16.33125,1159.13492,-0.0609943424,yes
40 m,C89-8 / C89-11,2,16.332875,1159.17389,-0.0607023419,yes
40 m,C89-8 / C89-11,2,16.3345,1159.21364,-0.0604045283,yes
40 m,C89-8 / C89-11,2,16.336125,1159.25416,-0.0601009012,yes
40 m,C89-8 / C89-11,2,16.33775,1159.29546,-0.0597914601,yes
40 m,C89-8 / C89-11,2,16.339375,1159.33754,-0.0594762046,yes
40 m,C89-8 / C89-11,2,16.341,1159.38039,-0.0591551341,yes
40 m,C89-8 / C89-11,2,16.342625,1159.42403,-0.0588282481,yes
40 m,C89-8 / C89-11,2,16.34425,1159.46844,-0.0584955462,yes
40 m,C89-8 / C89-11,2,16.345875,1159.51363,-0.0581570279,yes
40 m,C89-8 / C89-11,2,16.3475,1159.55959,-0.0578126925,yes
40 m,C89-8 / C89-11,2,16.349125,1159.60634,-0.0574625397,yes
40 m,C89-8 / C89-11,2,16.35075,1159.65387,-0.0571065689,yes
40 m,C89-8 / C89-11,2,16.352375,1159.70217,-0.0567447794,yes
40 m,C89-8 / C89-11,2,16.354,1159.75125,-0.0563771708,yes
40 m,C89-8 / C89-11,2,16.355625,1159.80111,-0.0560037425,yes
40 m,C89-8 / C89-11,2,16.35725,1159.85175,-0.055624494,yes
40 m,C89-8 / C89-11,2,16.358875,1159.90317,-0.0552394247,yes
40 m,C89-8 / C89-11,2,16.3605,1159.95537,-0.0548485339,yes
40 m,C89-8 / C89-11,2,16.362125,1160.00835,-0.0544518211,yes
40 m,C89-8 / C89-11,2,16.36375,1160.06212,-0.0540492858,yes
40 m,C89-8 / C89-11,2,16.365375,1160.11666,-0.0536409272,yes
40 m,C89-8 / C89-11,2,16.367,1160.17198,-0.0532267448,yes
40 m,C89-8 / C89-11,2,16.368625,1160.22808,-0.052806738,yes
40 m,C89-8 / C89-11,2,16.37025,1160.28496,-0.0523809061,yes
40 m,C89-8 / C89-11,2,16.371875,1160.34262,-0.0519492486,yes
40 m,C89-8 / C89-11,2,16.3735,1160.40107,-0.0515117647,yes
40 m,C89-8 / C89-11,2,16.375125,1160.46029,-0.0510684538,yes
40 m,C89-8 / C89-11,2,16.37675,1160.5203,-0.0506193153,yes
40 m,C89-8 / C89-11,2,16.378375,1160.58109,-0.0501643484,yes
40 m,C89-8 / C89-11,2,16.38,1160.64266,-0.0497035526,yes
40 m,C89-8 / C89-11,2,16.381625,1160.70502,-0.0492369271,yes
40 m,C89-8 / C89-11,2,16.38325,1160.76815,-0.0487644712,yes
40 m,C89-8 / C89-11,2,16.384875,1160.83207,-0.0482861843,yes
40 m,C89-8 / C89-11,2,16.3865,1160.89678,-0.0478020656,yes
40 m,C89-8 / C89-11,2,16.388125,1160.96226,-0.0473121144,yes
40 m,C89-8 / C89-11,2,16.38975,1161.02853,-0.04681633,yes
40 m,C89-8 / C89-11,2,16.391375,1161.09558,-0.0463147117,yes
40 m,C89-8 / C89-11,2,16.393,1161.16342,-0.0458072588,yes
40 m,C89-8 / C89-11,2,16.394625,1161.23204,-0.0452939705,yes
40 m,C89-8 / C89-11,2,16.39625,1161.30144,-0.0447748459,yes
40 m,C89-8 / C89-11,2,16.397875,1161.37163,-0.0442498844,yes
40 m,C89-8 / C89-11,2,16.3995,1161.44261,-0.0437190853,yes
40 m,C89-8 / C89-11,2,16.401125,1161.51437,-0.0431824477,yes
40 m,C89-8 / C89-11,2,16.40275,1161.58691,-0.0426399709,yes
40 m,C89-8 / C89-11,2,16.404375,1161.66024,-0.042091654,yes
40 m,C89-8 / C89-11,2,16.406,1161.73436,-0.0415374963,yes
40 m,C89-8 / C89-11,2,16.407625,1161.80926,-0.0409774969,yes
40 m,C89-8 / C89-11,2,16.40925,1161.88495,-0.0404116552,yes
40 m,C89-8 / C89-11,2,16.410875,1161.96142,-0.03983997,yes
40 m,C89-8 / C89-11,2,16.4125,1162.03869,-0.0392624409,yes
40 m,C89-8 / C89-11,2,16.414125,1162.11673,-0.0386790667,yes
40 m,C89-8 / C89-11,2,16.41575,1162.19557,-0.0380898468,yes
40 m,C89-8 / C89-11,2,16.417375,1162.27519,-0.0374947802,yes
40 m,C89-8 / C89-11,2,16.419,1162.35561,-0.0368938661,yes
40 m,C89-8 / C89-11,2,16.420625,1162.43681,-0.0362871037,yes
40 m,C89-8 / C89-11,2,16.42225,1162.5188,-0.035674492,yes
40 m,C89-8 / C89-11,2,16.423875,1162.60157,-0.0350560301,yes
40 m,C89-8 / C89-11,2,16.4255,1162.68514,-0.0344317173,yes
40 m,C89-8 / C89-11,2,16.427125,1162.7695,-0.0338015525,yes
40 m,C89-8 / C89-11,2,16.42875,1162.85464,-0.0331655348,yes
40 m,C89-8 / C89-11,2,16.430375,1162.94058,-0.0325236635,yes
40 m,C89-8 / C89-11,2,16.432,1163.02731,-0.0318759375,yes
40 m,C89-8 / C89-11,2,16.433625,1163.11482,-0.0312223558,yes
40 m,C89-8 / C89-11,2,16.43525,1163.20313,-0.0305629176,yes
40 m,C89-8 / C89-11,2,16.436875,1163.29223,-0.0298976219,yes
40 m,C89-8 / C89-11,2,16.4385,1163.38212,-0.0292264678,yes
40 m,C89-8 / C89-11,2,16.440125,1163.4728,-0.0285494542,yes
40 m,C89-8 / C89-11,2,16.44175,1163.56428,-0.0278665803,yes
40 m,C89-8 / C89-11,2,16.443375,1163.65654,-0.027177845,yes
40 m,C89-8 / C89-11,2,16.445,1163.7496,-0.0264832475,yes
40 m,C89-8 / C89-11,2,16.446625,1163.84346,-0.0257827865,yes
40 m,C89-8 / C89-11,2,16.44825,1163.9381,-0.0250764612,yes
40 m,C89-8 / C89-11,2,16.449875,1164.03354,-0.0243642706,yes
40 m,C89-8 / C89-11,2,16.4515,1164.12978,-0.0236462136,yes
40 m,C89-8 / C89-11,2,16.453125,1164.2268,-0.0229222893,yes
40 m,C89-8 / C89-11,2,16.45475,1164.32463,-0.0221924964,yes
40 m,C89-8 / C89-11,2,16.456375,1164.42325,-0.0214568342,yes
40 m,C89-8 / C89-11,2,16.458,1164.52266,-0.0207153015,yes
40 m,C89-8 / C89-11,2,16.459625,1164.62287,-0.0199678972,yes
40 m,C89-8 / C89-11,2,16.46125,1164.72387,-0.0192146203,yes
40 m,C89-8 / C89-11,2,16.462875,1164.82568,-0.0184554696,yes
40 m,C89-8 / C89-11,2,16.4645,1164.92827,-0.0176904442,yes
40 m,C89-8 / C89-11,2,16.466125,1165.03167,-0.0169195429,yes
40 m,C89-8 / C89-11,2,16.46775,1165.13586,-0.0161427647,yes
40 m,C89-8 / C89-11,2,16.469375,1165.24085,-0.0153601085,yes
40 m,C89-8 / C89-11,2,16.471,1165.34664,-0.014571573,yes
40 m,C89-8 / C89-11,2,16.472625,1165.45323,-0.0137771573,yes
40 m,C89-8 / C89-11,2,16.47425,1165.56062,-0.0129768601,yes
40 m,C89-8 / C89-11,2,16.475875,1165.6688,-0.0121706804,yes
40 m,C89-8 / C89-11,2,16.4775,1165.77779,-0.011358617,yes
40 m,C89-8 / C89-11,2,16.479125,1165.88758,-0.0105406688,yes
40 m,C89-8 / C89-11,2,16.48075,1165.99816,-0.00971683457,yes
40 m,C89-8 / C89-11,2,16.482375,1166.10955,-0.00888711323,yes
40 m,C89-8 / C89-11,2,16.484,1166.22174,-0.00805150347,yes
40 m,C89-8 / C89-11,2,16.485625,1166.33473,-0.00721000428,yes
40 m,C89-8 / C89-11,2,16.48725,1166.44852,-0.00636261433,yes
40 m,C89-8 / C89-11,2,16.488875,1166.56312,-0.00550933254,yes
40 m,C89-8 / C89-11,2,16.4905,1166.67852,-0.00465015759,yes
40 m,C89-8 / C89-11,2,16.492125,1166.79472,-0.00378508839,yes
40 m,C89-8 / C89-11,2,16.49375,1166.91172,-0.00291412363,yes
40 m,C89-8 / C89-11,2,16.495375,1167.02953,-0.00203726218,yes
40 m,C89-8 / C89-11,2,16.497,1167.14814,-0.00115450258,yes
40 m,C89-8 / C89-11,2,16.498625,1167.26756,-0.000265843907,yes
40 m,C89-8 / C89-11,2,16.50025,1167.38778,0.000628715366,no
40 m,C89-8 / C89-11,2,16.501875,1167.50881,0.00152917631,no
40 m,C89-8 / C89-11,2,16.5035,1167.63065,0.00243554034,no
40 m,C89-8 / C89-11,2,16.505125,1167.75329,0.0033478086,no
40 m,C89-8 / C89-11,2,16.50675,1167.87674,0.00426598247,no
40 m,C89-8 / C89-11,2,16.508375,1168.00099,0.00519006319,no
40 m,C89-8 / C89-11,2,16.51,1168.12605,0.00612005203,no
40 m,C89-8 / C89-11,2,16.511625,1168.25193,0.00705595034,no
40 m,C89-8 / C89-11,2,16.51325,1168.37861,0.00799775942,no
40 m,C89-8 / C89-11,2,16.514875,1168.5061,0.00894548057,no
40 m,C89-8 / C89-11,2,16.5165,1168.63439,0.00989911522,no
40 m,C89-8 / C89-11,2,16.518125,1168.7635,0.0108586646,no
40 m,C89-8 / C89-11,2,16.51975,1168.89342,0.01182413,no
40 m,C89-8 / C89-11,2,16.521375,1169.02415,0.0127955129,no
40 m,C89-8 / C89-11,2,16.523,1169.15569,0.0137728146,no
40 m,C89-8 / C89-11,2,16.524625,1169.28805,0.0147560365,no
40 m,C89-8 / C89-11,2,16.52625,1169.42121,0.01574518,no
40 m,C89-8 / C89-11,2,16.527875,1169.55519,0.0167402464,no
40 m,C89-8 / C89-11,2,16.5295,1169.68998,0.0177412371,no
40 m,C89-8 / C89-11,2,16.531125,1169.82559,0.0187481536,no
40 m,C89-8 / C89-11,2,16.53275,1169.96201,0.0197609972,no
40 m,C89-8 / C89-11,2,16.534375,1170.09924,0.0207797693,no
40 m,C89-8 / C89-11,2,16.536,1170.23729,0.0218044714,no
40 m,C89-8 / C89-11,2,16.537625,1170.37615,0.0228351049,no
40 m,C89-8 / C89-11,2,16.53925,1170.51583,0.0238716713,no
40 m,C89-8 / C89-11,2,16.540875,1170.65633,0.0249141719,no
40 m,C89-8 / C89-11,2,16.5425,1170.79764,0.0259626083,no
40 m,C89-8 / C89-11,2,16.544125,1170.93977,0.0270169819,no
40 m,C89-8 / C89-11,2,16.54575,1171.08272,0.028077294,no
40 m,C89-8 / C89-11,2,16.547375,1171.22649,0.0291435464,no
40 m,C89-8 / C89-11,2,16.549,1171.37107,0.0302157404,no
40 m,C89-8 / C89-11,2,16.550625,1171.51648,0.0312938775,no
40 m,C89-8 / C89-11,2,16.55225,1171.66271,0.0323779593,no
40 m,C89-8 / C89-11,2,16.553875,1171.80975,0.0334679871,no
40 m,C89-8 / C89-11,2,16.5555,1171.95762,0.0345639626,no
40 m,C89-8 / C89-11,2,16.557125,1172.10631,0.0356658873,no
40 m,C89-8 / C89-11,2,16.55875,1172.25582,0.0367737626,no
40 m,C89-8 / C89-11,2,16.560375,1172.40615,0.0378875902,no
40 m,C89-8 / C89-11,2,16.562,1172.55731,0.0390073716,no
40 m,C89-8 / C89-11,2,16.563625,1172.70928,0.0401331083,no
40 m,C89-8 / C89-11,2,16.56525,1172.86209,0.0412648019,no
40 m,C89-8 / C89-11,2,16.566875,1173.01572,0.042402454,no
40 m,C89-8 / C89-11,2,16.5685,1173.17017,0.0435460661,no
40 m,C89-8 / C89-11,2,16.570125,1173.32545,0.0446956398,no
40 m,C89-8 / C89-11,2,16.57175,1173.48155,0.0458511768,no
40 m,C89-8 / C89-11,2,16.573375,1173.63849,0.0470126786,no
40 m,C89-8 / C89-11,2,16.575,1173.79624,0.0481801469,no
15 m,C89-7 / C89-10,4,11.925,823.592808,0.0871949352,no
15 m,C89-7 / C89-10,4,11.926625,823.393181,0.0850893484,no
15 m,C89-7 / C89-10,4,11.92825,823.194644,0.0829947441,no
15 m,C89-7 / C89-10,4,11.929875,822.997194,0.0809111153,no
15 m,C89-7 / C89-10,4,11.9315,822.800831,0.0788384554,no
15 m,C89-7 / C89-10,4,11.933125,822.605553,0.0767767575,no
15 m,C89-7 / C89-10,4,11.93475,822.411358,0.074726015,no
15 m,C89-7 / C89-10,4,11.936375,822.218246,0.072686221,no
15 m,C89-7 / C89-10,4,11.938,822.026214,0.070657369,no
15 m,C89-7 / C89-10,4,11.939625,821.835262,0.0686394524,no
15 m,C89-7 / C89-10,4,11.94125,821.645388,0.0666324645,no
15 m,C89-7 / C89-10,4,11.942875,821.456591,0.0646363987,no
15 m,C89-7 / C89-10,4,11.9445,821.26887,0.0626512487,no
15 m,C89-7 / C89-10,4,11.946125,821.082222,0.0606770079,no
15 m,C89-7 / C89-10,4,11.94775,820.896648,0.0587136698,no
15 m,C89-7 / C89-10,4,11.949375,820.712145,0.0567612282,no
15 m,C89-7 / C89-10,4,11.951,820.528712,0.0548196765,no
15 m,C89-7 / C89-10,4,11.952625,820.346348,0.0528890085,no
15 m,C89-7 / C89-10,4,11.95425,820.165052,0.0509692179,no
15 m,C89-7 / C89-10,4,11.955875,819.984822,0.0490602985,no
15 m,C89-7 / C89-10,4,11.9575,819.805657,0.0471622439,no
15 m,C89-7 / C89-10,4,11.959125,819.627556,0.0452750482,no
15 m,C89-7 / C89-10,4,11.96075,819.450518,0.043398705,no
15 m,C89-7 / C89-10,4,11.962375,819.274541,0.0415332083,no
15 m,C89-7 / C89-10,4,11.964,819.099624,0.0396785521,no
15 m,C89-7 / C89-10,4,11.965625,818.925765,0.0378347303,no
15 m,C89-7 / C89-10,4,11.96725,818.752965,0.0360017368,no
15 m,C89-7 / C89-10,4,11.968875,818.581221,0.0341795659,no
15 m,C89-7 / C89-10,4,11.9705,818.410531,0.0323682113,no
15 m,C89-7 / C89-10,4,11.972125,818.240896,0.0305676675,no
15 m,C89-7 / C89-10,4,11.97375,818.072314,0.0287779284,no
15 m,C89-7 / C89-10,4,11.975375,817.904784,0.0269989883,no
15 m,C89-7 / C89-10,4,11.977,817.738303,0.0252308414,no
15 m,C89-7 / C89-10,4,11.978625,817.572872,0.0234734819,no
15 m,C89-7 / C89-10,4,11.98025,817.40849,0.0217269041,no
15 m,C89-7 / C89-10,4,11.981875,817.245154,0.0199911025,no
15 m,C89-7 / C89-10,4,11.9835,817.082864,0.0182660712,no
15 m,C89-7 / C89-10,4,11.985125,816.921618,0.0165518048,no
15 m,C89-7 / C89-10,4,11.98675,816.761416,0.0148482976,no
15 m,C89-7 / C89-10,4,11.988375,816.602257,0.0131555442,no
15 m,C89-7 / C89-10,4,11.99,816.444139,0.0114735391,no
15 m,C89-7 / C89-10,4,11.991625,816.287061,0.00980227668,no
15 m,C89-7 / C89-10,4,11.99325,816.131022,0.00814175169,no
15 m,C89-7 / C89-10,4,11.994875,815.976022,0.00649195866,no
15 m,C89-7 / C89-10,4,11.9965,815.822058,0.00485289227,no
15 m,C89-7 / C89-10,4,11.998125,815.66913,0.00322454721,no
15 m,C89-7 / C89-10,4,11.99975,815.517237,0.00160691822,no
15 m,C89-7 / C89-10,4,12.001375,815.366377,0,yes
15 m,C89-7 / C89-10,4,12.003,815.216551,-0.00159621262,yes
15 m,C89-7 / C89-10,4,12.004625,815.067755,-0.00318172479,yes
15 m,C89-7 / C89-10,4,12.00625,814.919991,-0.00475654172,yes
15 m,C89-7 / C89-10,4,12.007875,814.773256,-0.00632066843,yes
15 m,C89-7 / C89-10,4,12.0095,814.62755,-0.00787411001,yes
15 m,C89-7 / C89-10,4,12.011125,814.482871,-0.00941687154,yes
15 m,C89-7 / C89-10,4,12.01275,814.339218,-0.0109489579,yes
15 m,C89-7 / C89-10,4,12.014375,814.196592,-0.0124703742,yes
15 m,C89-7 / C89-10,4,12.016,814.054989,-0.0139811253,yes
15 m,C89-7 / C89-10,4,12.017625,813.914411,-0.0154812161,yes
15 m,C89-7 / C89-10,4,12.01925,813.774855,-0.0169706514,yes
15 m,C89-7 / C89-10,4,12.020875,813.63632,-0.0184494361,yes
15 m,C89-7 / C89-10,4,12.0225,813.498806,-0.0199175749,yes
15 m,C89-7 / C89-10,4,12.024125,813.362312,-0.0213750726,yes
15 m,C89-7 / C89-10,4,12.02575,813.226837,-0.022821934,yes
15 m,C89-7 / C89-10,4,12.027375,813.092379,-0.0242581636,yes
15 m,C89-7 / C89-10,4,12.029,812.958938,-0.0256837662,yes
15 m,C89-7 / C89-10,4,12.030625,812.826514,-0.0270987464,yes
15 m,C89-7 / C89-10,4,12.03225,812.695104,-0.0285031087,yes
15 m,C89-7 / C89-10,4,12.033875,812.564708,-0.0298968577,yes
15 m,C89-7 / C89-10,4,12.0355,812.435326,-0.0312799978,yes
15 m,C89-7 / C89-10,4,12.037125,812.306956,-0.0326525337,yes
15 m,C89-7 / C89-10,4,12.03875,812.179597,-0.0340144696,yes
15 m,C89-7 / C89-10,4,12.040375,812.053249,-0.03536581,yes
15 m,C89-7 / C89-10,4,12.042,811.927911,-0.0367065594,yes
15 m,C89-7 / C89-10,4,12.043625,811.803581,-0.0380367219,yes
15 m,C89-7 / C89-10,4,12.04525,811.680259,-0.039356302,yes
15 m,C89-7 / C89-10,4,12.046875,811.557945,-0.0406653039,yes
15 m,C89-7 / C89-10,4,12.0485,811.436636,-0.0419637318,yes
15 m,C89-7 / C89-10,4,12.050125,811.316333,-0.0432515899,yes
15 m,C89-7 / C89-10,4,12.05175,811.197035,-0.0445288824,yes
15 m,C89-7 / C89-10,4,12.053375,811.078741,-0.0457956135,yes
15 m,C89-7 / C89-10,4,12.055,810.961449,-0.0470517871,yes
15 m,C89-7 / C89-10,4,12.056625,810.845159,-0.0482974074,yes
15 m,C89-7 / C89-10,4,12.05825,810.729871,-0.0495324785,yes
15 m,C89-7 / C89-10,4,12.059875,810.615584,-0.0507570043,yes
15 m,C89-7 / C89-10,4,12.0615,810.502296,-0.0519709887,yes
15 m,C89-7 / C89-10,4,12.063125,810.390007,-0.0531744357,yes
15 m,C89-7 / C89-10,4,12.06475,810.278716,-0.0543673492,yes
15 m,C89-7 / C89-10,4,12.066375,810.168423,-0.0555497331,yes
15 m,C89-7 / C89-10,4,12.068,810.059126,-0.0567215912,yes
15 m,C89-7 / C89-10,4,12.069625,809.950826,-0.0578829272,yes
15 m,C89-7 / C89-10,4,12.07125,809.84352,-0.059033745,yes
15 m,C89-7 / C89-10,4,12.072875,809.737209,-0.0601740482,yes
15 m,C89-7 / C89-10,4,12.0745,809.631891,-0.0613038405,yes
15 m,C89-7 / C89-10,4,12.076125,809.527567,-0.0624231257,yes
15 m,C89-7 / C89-10,4,12.07775,809.424235,-0.0635319073,yes
15 m,C89-7 / C89-10,4,12.079375,809.321894,-0.0646301889,yes
15 m,C89-7 / C89-10,4,12.081,809.220544,-0.0657179741,yes
15 m,C89-7 / C89-10,4,12.082625,809.120185,-0.0667952664,yes
15 m,C89-7 / C89-10,4,12.08425,809.020815,-0.0678620693,yes
15 m,C89-7 / C89-10,4,12.085875,808.922433,-0.0689183862,yes
15 m,C89-7 / C89-10,4,12.0875,808.82504,-0.0699642206,yes
15 m,C89-7 / C89-10,4,12.089125,808.728634,-0.0709995759,yes
15 m,C89-7 / C89-10,4,12.09075,808.633215,-0.0720244553,yes
15 m,C89-7 / C89-10,4,12.092375,808.538782,-0.0730388623,yes
15 m,C89-7 / C89-10,4,12.094,808.445334,-0.0740428001,yes
15 m,C89-7 / C89-10,4,12.095625,808.352871,-0.0750362721,yes
15 m,C89-7 / C89-10,4,12.09725,808.261392,-0.0760192813,yes
15 m,C89-7 / C89-10,4,12.098875,808.170897,-0.076991831,yes
15 m,C89-7 / C89-10,4,12.1005,808.081385,-0.0779539244,yes
15 m,C89-7 / C89-10,4,12.102125,807.992855,-0.0789055646,yes
15 m,C89-7 / C89-10,4,12.10375,807.905307,-0.0798467546,yes
15 m,C89-7 / C89-10,4,12.105375,807.81874,-0.0807774976,yes
15 m,C89-7 / C89-10,4,12.107,807.733154,-0.0816977965,yes
15 m,C89-7 / C89-10,4,12.108625,807.648547,-0.0826076544,yes
15 m,C89-7 / C89-10,4,12.11025,807.56492,-0.0835070741,yes
15 m,C89-7 / C89-10,4,12.111875,807.482271,-0.0843960587,yes
15 m,C89-7 / C89-10,4,12.1135,807.400601,-0.085274611,yes
15 m,C89-7 / C89-10,4,12.115125,807.319908,-0.0861427339,yes
15 m,C89-7 / C89-10,4,12.11675,807.240192,-0.0870004302,yes
15 m,C89-7 / C89-10,4,12.118375,807.161453,-0.0878477027,yes
15 m,C89-7 / C89-10,4,12.12,807.08369,-0.0886845542,yes
15 m,C89-7 / C89-10,4,12.121625,807.006903,-0.0895109873,yes
15 m,C89-7 / C89-10,4,12.12325,806.93109,-0.0903270048,yes
15 m,C89-7 / C89-10,4,12.124875,806.856252,-0.0911326094,yes
15 m,C89-7 / C89-10,4,12.1265,806.782387,-0.0919278036,yes
15 m,C89-7 / C89-10,4,12.128125,806.709496,-0.0927125901,yes
15 m,C89-7 / C89-10,4,12.12975,806.637578,-0.0934869715,yes
15 m,C89-7 / C89-10,4,12.131375,806.566632,-0.0942509503,yes
15 m,C89-7 / C89-10,4,12.133,806.496658,-0.0950045288,yes
15 m,C89-7 / C89-10,4,12.134625,806.427656,-0.0957477098,yes
15 m,C89-7 / C89-10,4,12.13625,806.359625,-0.0964804955,yes
15 m,C89-7 / C89-10,4,12.137875,806.292564,-0.0972028883,yes
15 m,C89-7 / C89-10,4,12.1395,806.226473,-0.0979148907,yes
15 m,C89-7 / C89-10,4,12.141125,806.161351,-0.098616505,yes
15 m,C89-7 / C89-10,4,12.14275,806.097199,-0.0993077335,yes
15 m,C89-7 / C89-10,4,12.144375,806.034015,-0.0999885784,yes
15 m,C89-7 / C89-10,4,12.146,805.9718,-0.100659042,yes
15 m,C89-7 / C89-10,4,12.147625,805.910553,-0.101319126,yes
15 m,C89-7 / C89-10,4,12.14925,805.850272,-0.101968834,yes
15 m,C89-7 / C89-10,4,12.150875,805.790959,-0.102608167,yes
15 m,C89-7 / C89-10,4,12.1525,805.732613,-0.103237127,yes
15 m,C89-7 / C89-10,4,12.154125,805.675232,-0.103855716,yes
15 m,C89-7 / C89-10,4,12.15575,805.618818,-0.104463937,yes
15 m,C89-7 / C89-10,4,12.157375,805.563368,-0.105061791,yes
15 m,C89-7 / C89-10,4,12.159,805.508884,-0.105649281,yes
15 m,C89-7 / C89-10,4,12.160625,805.455365,-0.106226408,yes
15 m,C89-7 / C89-10,4,12.16225,805.402809,-0.106793175,yes
15 m,C89-7 / C89-10,4,12.163875,805.351218,-0.107349582,yes
15 m,C89-7 / C89-10,4,12.1655,805.30059,-0.107895633,yes
15 m,C89-7 / C89-10,4,12.167125,805.250925,-0.108431328,yes
15 m,C89-7 / C89-10,4,12.16875,805.202223,-0.10895667,yes
15 m,C89-7 / C89-10,4,12.170375,805.154484,-0.109471661,yes
15 m,C89-7 / C89-10,4,12.172,805.107706,-0.109976301,yes
15 m,C89-7 / C89-10,4,12.173625,805.061891,-0.110470593,yes
15 m,C89-7 / C89-10,4,12.17525,805.017037,-0.110954539,yes
15 m,C89-7 / C89-10,4,12.176875,804.973145,-0.11142814,yes
15 m,C89-7 / C89-10,4,12.1785,804.930213,-0.111891397,yes
15 m,C89-7 / C89-10,4,12.180125,804.888242,-0.112344313,yes
15 m,C89-7 / C89-10,4,12.18175,804.847231,-0.112786888,yes
15 m,C89-7 / C89-10,4,12.183375,804.807181,-0.113219125,yes
15 m,C89-7 / C89-10,4,12.185,804.76809,-0.113641024,yes
15 m,C89-7 / C89-10,4,12.186625,804.729958,-0.114052588,yes
15 m,C89-7 / C89-10,4,12.18825,804.692786,-0.114453817,yes
15 m,C89-7 / C89-10,4,12.189875,804.656573,-0.114844713,yes
15 m,C89-7 / C89-10,4,12.1915,804.621318,-0.115225277,yes
15 m,C89-7 / C89-10,4,12.193125,804.587022,-0.115595511,yes
15 m,C89-7 / C89-10,4,12.19475,804.553684,-0.115955415,yes
15 m,C89-7 / C89-10,4,12.196375,804.521305,-0.116304992,yes
15 m,C89-7 / C89-10,4,12.198,804.489883,-0.116644242,yes
15 m,C89-7 / C89-10,4,12.199625,804.459418,-0.116973166,yes
15 m,C89-7 / C89-10,4,12.20125,804.429911,-0.117291766,yes
15 m,C89-7 / C89-10,4,12.202875,804.401361,-0.117600042,yes
15 m,C89-7 / C89-10,4,12.2045,804.373768,-0.117897997,yes
15 m,C89-7 / C89-10,4,12.206125,804.347131,-0.11818563,yes
15 m,C89-7 / C89-10,4,12.20775,804.321451,-0.118462943,yes
15 m,C89-7 / C89-10,4,12.209375,804.296728,-0.118729937,yes
15 m,C89-7 / C89-10,4,12.211,804.272961,-0.118986613,yes
15 m,C89-7 / C89-10,4,12.212625,804.250149,-0.119232971,yes
15 m,C89-7 / C89-10,4,12.21425,804.228294,-0.119469013,yes
15 m,C89-7 / C89-10,4,12.215875,804.207394,-0.119694739,yes
15 m,C89-7 / C89-10,4,12.2175,804.18745,-0.119910151,yes
15 m,C89-7 / C89-10,4,12.219125,804.168461,-0.120115248,yes
15 m,C89-7 / C89-10,4,12.22075,804.150427,-0.120310033,yes
15 m,C89-7 / C89-10,4,12.222375,804.133349,-0.120494505,yes
15 m,C89-7 / C89-10,4,12.224,804.117225,-0.120668665,yes
15 m,C89-7 / C89-10,4,12.225625,804.102057,-0.120832515,yes
15 m,C89-7 / C89-10,4,12.22725,804.087843,-0.120986053,yes
15 m,C89-7 / C89-10,4,12.228875,804.074584,-0.121129282,yes
15 m,C89-7 / C89-10,4,12.2305,804.062279,-0.121262202,yes
15 m,C89-7 / C89-10,4,12.232125,804.050929,-0.121384813,yes
15 m,C89-7 / C89-10,4,12.23375,804.040533,-0.121497116,yes
15 m,C89-7 / C89-10,4,12.235375,804.031092,-0.121599111,yes
15 m,C89-7 / C89-10,4,12.237,804.022605,-0.121690799,yes
15 m,C89-7 / C89-10,4,12.238625,804.015071,-0.121772179,yes
15 m,C89-7 / C89-10,4,12.24025,804.008492,-0.121843254,yes
15 m,C89-7 / C89-10,4,12.241875,804.002868,-0.121904022,yes
15 m,C89-7 / C89-10,4,12.2435,803.998197,-0.121954484,yes
15 m,C89-7 / C89-10,4,12.245125,803.994479,-0.121994641,yes
15 m,C89-7 / C89-10,4,12.24675,803.991716,-0.122024492,yes
15 m,C89-7 / C89-10,4,12.248375,803.989907,-0.122044039,yes
15 m,C89-7 / C89-10,4,12.25,803.989052,-0.12205328,yes
15 m,C89-7 / C89-10,4,12.251625,803.98915,-0.122052217,yes
15 m,C89-7 / C89-10,4,12.25325,803.990202,-0.122040849,yes
15 m,C89-7 / C89-10,4,12.254875,803.992208,-0.122019176,yes
15 m,C89-7 / C89-10,4,12.2565,803.995168,-0.1219872,yes
15 m,C89-7 / C89-10,4,12.258125,803.999082,-0.121944918,yes
15 m,C89-7 / C89-10,4,12.25975,804.00395,-0.121892333,yes
15 m,C89-7 / C89-10,4,12.261375,804.009771,-0.121829443,yes
15 m,C89-7 / C89-10,4,12.263,804.016546,-0.121756248,yes
15 m,C89-7 / C89-10,4,12.264625,804.024275,-0.121672749,yes
15 m,C89-7 / C89-10,4,12.26625,804.032959,-0.121578945,yes
15 m,C89-7 / C89-10,4,12.267875,804.042596,-0.121474836,yes
15 m,C89-7 / C89-10,4,12.2695,804.053187,-0.121360422,yes
15 m,C89-7 / C89-10,4,12.271125,804.064732,-0.121235703,yes
15 m,C89-7 / C89-10,4,12.27275,804.077232,-0.121100678,yes
15 m,C89-7 / C89-10,4,12.274375,804.090686,-0.120955347,yes
15 m,C89-7 / C89-10,4,12.276,804.105094,-0.120799711,yes
15 m,C89-7 / C89-10,4,12.277625,804.120456,-0.120633767,yes
15 m,C89-7 / C89-10,4,12.27925,804.136773,-0.120457517,yes
15 m,C89-7 / C89-10,4,12.280875,804.154045,-0.12027096,yes
15 m,C89-7 / C89-10,4,12.2825,804.172271,-0.120074095,yes
15 m,C89-7 / C89-10,4,12.284125,804.191452,-0.119866921,yes
15 m,C89-7 / C89-10,4,12.28575,804.211588,-0.119649439,yes
15 m,C89-7 / C89-10,4,12.287375,804.232679,-0.119421648,yes
15 m,C89-7 / C89-10,4,12.289,804.254726,-0.119183547,yes
15 m,C89-7 / C89-10,4,12.290625,804.277727,-0.118935135,yes
15 m,C89-7 / C89-10,4,12.29225,804.301684,-0.118676413,yes
15 m,C89-7 / C89-10,4,12.293875,804.326597,-0.118407378,yes
15 m,C89-7 / C89-10,4,12.2955,804.352465,-0.118128032,yes
15 m,C89-7 / C89-10,4,12.297125,804.379289,-0.117838372,yes
15 m,C89-7 / C89-10,4,12.29875,804.40707,-0.117538398,yes
15 m,C89-7 / C89-10,4,12.300375,804.435806,-0.11722811,yes
15 m,C89-7 / C89-10,4,12.302,804.465499,-0.116907506,yes
15 m,C89-7 / C89-10,4,12.303625,804.496149,-0.116576586,yes
15 m,C89-7 / C89-10,4,12.30525,804.527755,-0.116235348,yes
15 m,C89-7 / C89-10,4,12.306875,804.560319,-0.115883792,yes
15 m,C89-7 / C89-10,4,12.3085,804.593839,-0.115521917,yes
15 m,C89-7 / C89-10,4,12.310125,804.628317,-0.115149723,yes
15 m,C89-7 / C89-10,4,12.31175,804.663753,-0.114767207,yes
15 m,C89-7 / C89-10,4,12.313375,804.700146,-0.114374368,yes
15 m,C89-7 / C89-10,4,12.315,804.737498,-0.113971207,yes
15 m,C89-7 / C89-10,4,12.316625,804.775808,-0.113557721,yes
15 m,C89-7 / C89-10,4,12.31825,804.815076,-0.11313391,yes
15 m,C89-7 / C89-10,4,12.319875,804.855304,-0.112699772,yes
15 m,C89-7 / C89-10,4,12.3215,804.89649,-0.112255306,yes
15 m,C89-7 / C89-10,4,12.323125,804.938635,-0.111800512,yes
15 m,C89-7 / C89-10,4,12.32475,804.981741,-0.111335387,yes
15 m,C89-7 / C89-10,4,12.326375,805.025806,-0.11085993,yes
15 m,C89-7 / C89-10,4,12.328,805.070831,-0.11037414,yes
15 m,C89-7 / C89-10,4,12.329625,805.116817,-0.109878016,yes
15 m,C89-7 / C89-10,4,12.33125,805.163763,-0.109371556,yes
15 m,C89-7 / C89-10,4,12.332875,805.211671,-0.108854759,yes
15 m,C89-7 / C89-10,4,12.3345,805.260539,-0.108327624,yes
15 m,C89-7 / C89-10,4,12.336125,805.31037,-0.107790148,yes
15 m,C89-7 / C89-10,4,12.33775,805.361162,-0.107242331,yes
15 m,C89-7 / C89-10,4,12.339375,805.412917,-0.10668417,yes
15 m,C89-7 / C89-10,4,12.341,805.465634,-0.106115665,yes
15 m,C89-7 / C89-10,4,12.342625,805.519314,-0.105536814,yes
15 m,C89-7 / C89-10,4,12.34425,805.573958,-0.104947614,yes
15 m,C89-7 / C89-10,4,12.345875,805.629565,-0.104348065,yes
15 m,C89-7 / C89-10,4,12.3475,805.686136,-0.103738164,yes
15 m,C89-7 / C89-10,4,12.349125,805.743672,-0.10311791,yes
15 m,C89-7 / C89-10,4,12.35075,805.802172,-0.102487301,yes
15 m,C89-7 / C89-10,4,12.352375,805.861638,-0.101846336,yes
15 m,C89-7 / C89-10,4,12.354,805.922068,-0.101195012,yes
15 m,C89-7 / C89-10,4,12.355625,805.983465,-0.100533327,yes
15 m,C89-7 / C89-10,4,12.35725,806.045829,-0.0998612805,yes
15 m,C89-7 / C89-10,4,12.358875,806.109158,-0.0991788694,yes
15 m,C89-7 / C89-10,4,12.3605,806.173455,-0.098486092,yes
15 m,C89-7 / C89-10,4,12.362125,806.23872,-0.0977829464,yes
15 m,C89-7 / C89-10,4,12.36375,806.304952,-0.0970694306,yes
15 m,C89-7 / C89-10,4,12.365375,806.372153,-0.0963455424,yes
15 m,C89-7 / C89-10,4,12.367,806.440323,-0.0956112798,yes
15 m,C89-7 / C89-10,4,12.368625,806.509462,-0.0948666406,yes
15 m,C89-7 / C89-10,4,12.37025,806.57957,-0.0941116227,yes
15 m,C89-7 / C89-10,4,12.371875,806.650649,-0.0933462239,yes
15 m,C89-7 / C89-10,4,12.3735,806.722698,-0.092570442,yes
15 m,C89-7 / C89-10,4,12.375125,806.795719,-0.0917842748,yes
15 m,C89-7 / C89-10,4,12.37675,806.869711,-0.0909877198,yes
15 m,C89-7 / C89-10,4,12.378375,806.944675,-0.0901807749,yes
15 m,C89-7 / C89-10,4,12.38,807.020612,-0.0893634377,yes
15 m,C89-7 / C89-10,4,12.381625,807.097521,-0.0885357057,yes
15 m,C89-7 / C89-10,4,12.38325,807.175404,-0.0876975766,yes
15 m,C89-7 / C89-10,4,12.384875,807.254262,-0.086849048,yes
15 m,C89-7 / C89-10,4,12.3865,807.334093,-0.0859901173,yes
15 m,C89-7 / C89-10,4,12.388125,807.4149,-0.085120782,yes
15 m,C89-7 / C89-10,4,12.38975,807.496683,-0.0842410396,yes
15 m,C89-7 / C89-10,4,12.391375,807.579441,-0.0833508876,yes
15 m,C89-7 / C89-10,4,12.393,807.663176,-0.0824503232,yes
15 m,C89-7 / C89-10,4,12.394625,807.747889,-0.0815393439,yes
15 m,C89-7 / C89-10,4,12.39625,807.833579,-0.0806179471,yes
15 m,C89-7 / C89-10,4,12.397875,807.920248,-0.0796861299,yes
15 m,C89-7 / C89-10,4,12.3995,808.007895,-0.0787438897,yes
15 m,C89-7 / C89-10,4,12.401125,808.096522,-0.0777912236,yes
15 m,C89-7 / C89-10,4,12.40275,808.186129,-0.076828129,yes
15 m,C89-7 / C89-10,4,12.404375,808.276717,-0.0758546029,yes
15 m,C89-7 / C89-10,4,12.406,808.368286,-0.0748706425,yes
15 m,C89-7 / C89-10,4,12.407625,808.460836,-0.0738762449,yes
15 m,C89-7 / C89-10,4,12.40925,808.554369,-0.0728714071,yes
15 m,C89-7 / C89-10,4,12.410875,808.648886,-0.0718561263,yes
15 m,C89-7 / C89-10,4,12.4125,808.744386,-0.0708303993,yes
15 m,C89-7 / C89-10,4,12.414125,808.84087,-0.0697942233,yes
15 m,C89-7 / C89-10,4,12.41575,808.938339,-0.068747595,yes
15 m,C89-7 / C89-10,4,12.417375,809.036794,-0.0676905115,yes
15 m,C89-7 / C89-10,4,12.419,809.136235,-0.0666229695,yes
15 m,C89-7 / C89-10,4,12.420625,809.236663,-0.0655449661,yes
15 m,C89-7 / C89-10,4,12.42225,809.338078,-0.0644564977,yes
15 m,C89-7 / C89-10,4,12.423875,809.440482,-0.0633575615,yes
15 m,C89-7 / C89-10,4,12.4255,809.543875,-0.062248154,yes
15 m,C89-7 / C89-10,4,12.427125,809.648257,-0.061128272,yes
15 m,C89-7 / C89-10,4,12.42875,809.753629,-0.0599979122,yes
15 m,C89-7 / C89-10,4,12.430375,809.859993,-0.0588570712,yes
15 m,C89-7 / C89-10,4,12.432,809.967348,-0.0577057456,yes
15 m,C89-7 / C89-10,4,12.433625,810.075695,-0.056543932,yes
15 m,C89-7 / C89-10,4,12.43525,810.185036,-0.0553716269,yes
15 m,C89-7 / C89-10,4,12.436875,810.29537,-0.0541888269,yes
15 m,C89-7 / C89-10,4,12.4385,810.406699,-0.0529955284,yes
15 m,C89-7 / C89-10,4,12.440125,810.519023,-0.051791728,yes
15 m,C89-7 / C89-10,4,12.44175,810.632343,-0.0505774219,yes
15 m,C89-7 / C89-10,4,12.443375,810.74666,-0.0493526067,yes
15 m,C89-7 / C89-10,4,12.445,810.861975,-0.0481172786,yes
15 m,C89-7 / C89-10,4,12.446625,810.978288,-0.046871434,yes
15 m,C89-7 / C89-10,4,12.44825,811.0956,-0.0456150691,yes
15 m,C89-7 / C89-10,4,12.449875,811.213911,-0.0443481802,yes
15 m,C89-7 / C89-10,4,12.4515,811.333224,-0.0430707636,yes
15 m,C89-7 / C89-10,4,12.453125,811.453538,-0.0417828153,yes
15 m,C89-7 / C89-10,4,12.45475,811.574854,-0.0404843317,yes
15 m,C89-7 / C89-10,4,12.456375,811.697173,-0.0391753087,yes
15 m,C89-7 / C89-10,4,12.458,811.820496,-0.0378557425,yes
15 m,C89-7 / C89-10,4,12.459625,811.944823,-0.0365256291,yes
15 m,C89-7 / C89-10,4,12.46125,812.070157,-0.0351849646,yes
15 m,C89-7 / C89-10,4,12.462875,812.196496,-0.0338337449,yes
15 m,C89-7 / C89-10,4,12.4645,812.323843,-0.032471966,yes
15 m,C89-7 / C89-10,4,12.466125,812.452197,-0.0310996238,yes
15 m,C89-7 / C89-10,4,12.46775,812.581561,-0.0297167143,yes
15 m,C89-7 / C89-10,4,12.469375,812.711934,-0.0283232331,yes
15 m,C89-7 / C89-10,4,12.471,812.843318,-0.0269191763,yes
15 m,C89-7 / C89-10,4,12.472625,812.975713,-0.0255045396,yes
15 m,C89-7 / C89-10,4,12.47425,813.109121,-0.0240793186,yes
15 m,C89-7 / C89-10,4,12.475875,813.243542,-0.0226435092,yes
15 m,C89-7 / C89-10,4,12.4775,813.378977,-0.0211971071,yes
15 m,C89-7 / C89-10,4,12.479125,813.515428,-0.0197401078,yes
15 m,C89-7 / C89-10,4,12.48075,813.652894,-0.018272507,yes
15 m,C89-7 / C89-10,4,12.482375,813.791377,-0.0167943004,yes
15 m,C89-7 / C89-10,4,12.484,813.930878,-0.0153054834,yes
15 m,C89-7 / C89-10,4,12.485625,814.071398,-0.0138060516,yes
15 m,C89-7 / C89-10,4,12.48725,814.212937,-0.0122960004,yes
15 m,C89-7 / C89-10,4,12.488875,814.355497,-0.0107753254,yes
15 m,C89-7 / C89-10,4,12.4905,814.499079,-0.00924402187,yes
15 m,C89-7 / C89-10,4,12.492125,814.643684,-0.00770208532,yes
15 m,C89-7 / C89-10,4,12.49375,814.789311,-0.00614951101,yes
15 m,C89-7 / C89-10,4,12.495375,814.935964,-0.00458629433,yes
15 m,C89-7 / C89-10,4,12.497,815.083642,-0.00301243051,yes
15 m,C89-7 / C89-10,4,12.498625,815.232346,-0.00142791485,yes
15 m,C89-7 / C89-10,4,12.50025,815.382078,0.000167257478,no
15 m,C89-7 / C89-10,4,12.501875,815.532839,0.00177309128,no
15 m,C89-7 / C89-10,4,12.5035,815.684629,0.00338959137,no
15 m,C89-7 / C89-10,4,12.505125,815.837449,0.00501676266,no
15 m,C89-7 / C89-10,4,12.50675,815.991302,0.00665461008,no
15 m,C89-7 / C89-10,4,12.508375,816.146186,0.00830313855,no
15 m,C89-7 / C89-10,4,12.51,816.302105,0.00996235308,no
15 m,C89-7 / C89-10,4,12.511625,816.459058,0.0116322587,no
15 m,C89-7 / C89-10,4,12.51325,816.617047,0.0133128604,no
15 m,C89-7 / C89-10,4,12.514875,816.776073,0.0150041633,no
15 m,C89-7 / C89-10,4,12.5165,816.936137,0.0167061726,no
15 m,C89-7 / C89-10,4,12.518125,817.09724,0.0184188934,no
15 m,C89-7 / C89-10,4,12.51975,817.259383,0.0201423309,no
15 m,C89-7 / C89-10,4,12.521375,817.422567,0.0218764902,no
15 m,C89-7 / C89-10,4,12.523,817.586793,0.0236213767,no
15 m,C89-7 / C89-10,4,12.524625,817.752063,0.0253769957,no
15 m,C89-7 / C89-10,4,12.52625,817.918378,0.0271433525,no
15 m,C89-7 / C89-10,4,12.527875,818.085738,0.0289204524,no
15 m,C89-7 / C89-10,4,12.5295,818.254145,0.0307083009,no
15 m,C89-7 / C89-10,4,12.531125,818.4236,0.0325069034,no
15 m,C89-7 / C89-10,4,12.53275,818.594104,0.0343162653,no
15 m,C89-7 / C89-10,4,12.534375,818.765658,0.0361363921,no
15 m,C89-7 / C89-10,4,12.536,818.938263,0.0379672894,no
15 m,C89-7 / C89-10,4,12.537625,819.111922,0.0398089628,no
15 m,C89-7 / C89-10,4,12.53925,819.286634,0.0416614178,no
15 m,C89-7 / C89-10,4,12.540875,819.462401,0.0435246601,no
15 m,C89-7 / C89-10,4,12.5425,819.639224,0.0453986954,no
15 m,C89-7 / C89-10,4,12.544125,819.817105,0.0472835294,no
15 m,C89-7 / C89-10,4,12.54575,819.996044,0.0491791678,no
15 m,C89-7 / C89-10,4,12.547375,820.176043,0.0510856163,no
15 m,C89-7 / C89-10,4,12.549,820.357103,0.053002881,no
15 m,C89-7 / C89-10,4,12.550625,820.539226,0.0549309674,no
15 m,C89-7 / C89-10,4,12.55225,820.722411,0.0568698816,no
15 m,C89-7 / C89-10,4,12.553875,820.906662,0.0588196294,no
15 m,C89-7 / C89-10,4,12.5555,821.091979,0.0607802169,no
15 m,C89-7 / C89-10,4,12.557125,821.278363,0.0627516499,no
15 m,C89-7 / C89-10,4,12.55875,821.465816,0.0647339346,no
15 m,C89-7 / C89-10,4,12.560375,821.654338,0.0667270769,no
15 m,C89-7 / C89-10,4,12.562,821.843932,0.0687310831,no
15 m,C89-7 / C89-10,4,12.563625,822.034598,0.0707459591,no
15 m,C89-7 / C89-10,4,12.56525,822.226338,0.0727717112,no
15 m,C89-7 / C89-10,4,12.566875,822.419153,0.0748083456,no
15 m,C89-7 / C89-10,4,12.5685,822.613045,0.0768558684,no
15 m,C89-7 / C89-10,4,12.570125,822.808014,0.0789142861,no
15 m,C89-7 / C89-10,4,12.57175,823.004063,0.0809836048,no
15 m,C89-7 / C89-10,4,12.573375,823.201191,0.083063831,no
15 m,C89-7 / C89-10,4,12.575,823.399402,0.0851549709,no
10 m,T1,5,18.7,1192.14809,0.386681764,no
10 m,T1,5,18.7065,1190.86205,0.377306762,no
10 m,T1,5,18.713,1189.58432,0.367982247,no
10 m,T1,5,18.7195,1188.31486,0.358708183,no
10 m,T1,5,18.726,1187.05364,0.349484536,no
10 m,T1,5,18.7325,1185.80064,0.340311268,no
10 m,T1,5,18.739,1184.55583,0.331188344,no
10 m,T1,5,18.7455,1183.31918,0.322115726,no
10 m,T1,5,18.752,1182.09066,0.313093377,no
10 m,T1,5,18.7585,1180.87025,0.304121259,no
10 m,T1,5,18.765,1179.65791,0.295199334,no
10 m,T1,5,18.7715,1178.45362,0.286327563,no
10 m,T1,5,18.778,1177.25736,0.277505908,no
10 m,T1,5,18.7845,1176.06908,0.268734329,no
10 m,T1,5,18.791,1174.88878,0.260012787,no
10 m,T1,5,18.7975,1173.71642,0.251341242,no
10 m,T1,5,18.804,1172.55197,0.242719653,no
10 m,T1,5,18.8105,1171.39541,0.234147981,no
10 m,T1,5,18.817,1170.2467,0.225626183,no
10 m,T1,5,18.8235,1169.10584,0.217154221,no
10 m,T1,5,18.83,1167.97278,0.208732052,no
10 m,T1,5,18.8365,1166.8475,0.200359634,no
10 m,T1,5,18.843,1165.72997,0.192036926,no
10 m,T1,5,18.8495,1164.62018,0.183763887,no
10 m,T1,5,18.856,1163.51809,0.175540474,no
10 m,T1,5,18.8625,1162.42368,0.167366645,no
10 m,T1,5,18.869,1161.33693,0.159242357,no
10 m,T1,5,18.8755,1160.2578,0.151167568,no
10 m,T1,5,18.882,1159.18627,0.143142236,no
10 m,T1,5,18.8885,1158.12232,0.135166316,no
10 m,T1,5,18.895,1157.06593,0.127239767,no
10 m,T1,5,18.9015,1156.01706,0.119362545,no
10 m,T1,5,18.908,1154.9757,0.111534607,no
10 m,T1,5,18.9145,1153.94182,0.103755909,no
10 m,T1,5,18.921,1152.91539,0.0960264089,no
10 m,T1,5,18.9275,1151.8964,0.0883460622,no
10 m,T1,5,18.934,1150.88481,0.0807148257,no
10 m,T1,5,18.9405,1149.88061,0.0731326557,no
10 m,T1,5,18.947,1148.88377,0.0655995086,no
10 m,T1,5,18.9535,1147.89426,0.0581153407,no
10 m,T1,5,18.96,1146.91207,0.0506801083,no
10 m,T1,5,18.9665,1145.93717,0.0432937677,no
10 m,T1,5,18.973,1144.96953,0.035956275,no
10 m,T1,5,18.9795,1144.00915,0.0286675865,no
10 m,T1,5,18.986,1143.05598,0.0214276585,no
10 m,T1,5,18.9925,1142.11001,0.0142364473,no
10 m,T1,5,18.999,1141.17123,0.00709390898,no
10 m,T1,5,19.0055,1140.23959,0,yes
10 m,T1,5,19.012,1139.31509,-0.00704532333,yes
10 m,T1,5,19.0185,1138.39771,-0.0140421046,yes
10 m,T1,5,19.025,1137.48741,-0.0209903875,yes
10 m,T1,5,19.0315,1136.58418,-0.0278902153,yes
10 m,T1,5,19.038,1135.688,-0.0347416317,yes
10 m,T1,5,19.0445,1134.79884,-0.0415446799,yes
10 m,T1,5,19.051,1133.91669,-0.0482994033,yes
10 m,T1,5,19.0575,1133.04152,-0.0550058451,yes
10 m,T1,5,19.064,1132.17332,-0.0616640483,yes
10 m,T1,5,19.0705,1131.31205,-0.068274056,yes
10 m,T1,5,19.077,1130.45771,-0.0748359111,yes
10 m,T1,5,19.0835,1129.61028,-0.0813496564,yes
10 m,T1,5,19.09,1128.76972,-0.0878153346,yes
10 m,T1,5,19.0965,1127.93603,-0.0942329882,yes
10 m,T1,5,19.103,1127.10917,-0.10060266,yes
10 m,T1,5,19.1095,1126.28914,-0.106924391,yes
10 m,T1,5,19.116,1125.47592,-0.113198225,yes
10 m,T1,5,19.1225,1124.66947,-0.119424204,yes
10 m,T1,5,19.129,1123.86979,-0.125602368,yes
10 m,T1,5,19.1355,1123.07686,-0.131732761,yes
10 m,T1,5,19.142,1122.29065,-0.137815423,yes
10 m,T1,5,19.1485,1121.51115,-0.143850395,yes
10 m,T1,5,19.155,1120.73835,-0.14983772,yes
10 m,T1,5,19.1615,1119.97221,-0.155777438,yes
10 m,T1,5,19.168,1119.21272,-0.16166959,yes
10 m,T1,5,19.1745,1118.45987,-0.167514216,yes
10 m,T1,5,19.181,1117.71364,-0.173311357,yes
10 m,T1,5,19.1875,1116.974,-0.179061053,yes
10 m,T1,5,19.194,1116.24095,-0.184763345,yes
10 m,T1,5,19.2005,1115.51446,-0.190418272,yes
10 m,T1,5,19.207,1114.79452,-0.196025874,yes
10 m,T1,5,19.2135,1114.0811,-0.20158619,yes
10 m,T1,5,19.22,1113.3742,-0.20709926,yes
10 m,T1,5,19.2265,1112.6738,-0.212565122,yes
10 m,T1,5,19.233,1111.97987,-0.217983815,yes
10 m,T1,5,19.2395,1111.29241,-0.223355379,yes
10 m,T1,5,19.246,1110.61139,-0.22867985,yes
10 m,T1,5,19.2525,1109.93681,-0.233957268,yes
10 m,T1,5,19.259,1109.26864,-0.239187669,yes
10 m,T1,5,19.2655,1108.60686,-0.244371093,yes
10 m,T1,5,19.272,1107.95147,-0.249507575,yes
10 m,T1,5,19.2785,1107.30245,-0.254597153,yes
10 m,T1,5,19.285,1106.65977,-0.259639865,yes
10 m,T1,5,19.2915,1106.02344,-0.264635746,yes
10 m,T1,5,19.298,1105.39342,-0.269584832,yes
10 m,T1,5,19.3045,1104.76971,-0.274487161,yes
10 m,T1,5,19.311,1104.15229,-0.279342767,yes
10 m,T1,5,19.3175,1103.54115,-0.284151686,yes
10 m,T1,5,19.324,1102.93627,-0.288913954,yes
10 m,T1,5,19.3305,1102.33764,-0.293629604,yes
10 m,T1,5,19.337,1101.74524,-0.298298673,yes
10 m,T1,5,19.3435,1101.15906,-0.302921195,yes
10 m,T1,5,19.35,1100.57909,-0.307497203,yes
10 m,T1,5,19.3565,1100.00531,-0.312026731,yes
10 m,T1,5,19.363,1099.4377,-0.316509813,yes
10 m,T1,5,19.3695,1098.87627,-0.320946482,yes
10 m,T1,5,19.376,1098.32098,-0.325336771,yes
10 m,T1,5,19.3825,1097.77183,-0.329680713,yes
10 m,T1,5,19.389,1097.2288,-0.33397834,yes
10 m,T1,5,19.3955,1096.69189,-0.338229684,yes
10 m,T1,5,19.402,1096.16108,-0.342434776,yes
10 m,T1,5,19.4085,1095.63636,-0.346593649,yes
10 m,T1,5,19.415,1095.11771,-0.350706333,yes
10 m,T1,5,19.4215,1094.60512,-0.354772859,yes
10 m,T1,5,19.428,1094.09858,-0.358793258,yes
10 m,T1,5,19.4345,1093.59808,-0.362767559,yes
10 m,T1,5,19.441,1093.10361,-0.366695793,yes
10 m,T1,5,19.4475,1092.61515,-0.370577989,yes
10 m,T1,5,19.454,1092.13269,-0.374414176,yes
10 m,T1,5,19.4605,1091.65623,-0.378204384,yes
10 m,T1,5,19.467,1091.18575,-0.38194864,yes
10 m,T1,5,19.4735,1090.72124,-0.385646972,yes
10 m,T1,5,19.48,1090.26268,-0.38929941,yes
10 m,T1,5,19.4865,1089.81007,-0.39290598,yes
10 m,T1,5,19.493,1089.36341,-0.396466709,yes
10 m,T1,5,19.4995,1088.92266,-0.399981624,yes
10 m,T1,5,19.506,1088.48784,-0.403450752,yes
10 m,T1,5,19.5125,1088.05891,-0.40687412,yes
10 m,T1,5,19.519,1087.63589,-0.410251752,yes
10 m,T1,5,19.5255,1087.21875,-0.413583674,yes
10 m,T1,5,19.532,1086.80749,-0.416869912,yes
10 m,T1,5,19.5385,1086.40209,-0.420110491,yes
10 m,T1,5,19.545,1086.00255,-0.423305433,yes
10 m,T1,5,19.5515,1085.60886,-0.426454765,yes
10 m,T1,5,19.558,1085.22101,-0.42955851,yes
10 m,T1,5,19.5645,1084.83898,-0.43261669,yes
10 m,T1,5,19.571,1084.46278,-0.435629329,yes
10 m,T1,5,19.5775,1084.09239,-0.43859645,yes
10 m,T1,5,19.584,1083.7278,-0.441518075,yes
10 m,T1,5,19.5905,1083.369,-0.444394226,yes
10 m,T1,5,19.597,1083.016,-0.447224924,yes
10 m,T1,5,19.6035,1082.66877,-0.450010192,yes
10 m,T1,5,19.61,1082.3273,-0.452750049,yes
10 m,T1,5,19.6165,1081.99161,-0.455444516,yes
10 m,T1,5,19.623,1081.66166,-0.458093613,yes
10 m,T1,5,19.6295,1081.33746,-0.46069736,yes
10 m,T1,5,19.636,1081.019,-0.463255777,yes
10 m,T1,5,19.6425,1080.70628,-0.465768883,yes
10 m,T1,5,19.649,1080.39927,-0.468236695,yes
10 m,T1,5,19.6555,1080.09798,-0.470659233,yes
10 m,T1,5,19.662,1079.80241,-0.473036514,yes
10 m,T1,5,19.6685,1079.51253,-0.475368557,yes
10 m,T1,5,19.675,1079.22836,-0.477655377,yes
10 m,T1,5,19.6815,1078.94987,-0.479896992,yes
10 m,T1,5,19.688,1078.67707,-0.482093418,yes
10 m,T1,5,19.6945,1078.40994,-0.484244672,yes
10 m,T1,5,19.701,1078.14849,-0.486350769,yes
10 m,T1,5,19.7075,1077.8927,-0.488411724,yes
10 m,T1,5,19.714,1077.64257,-0.490427552,yes
10 m,T1,5,19.7205,1077.3981,-0.492398267,yes
10 m,T1,5,19.727,1077.15927,-0.494323885,yes
10 m,T1,5,19.7335,1076.92609,-0.496204417,yes
10 m,T1,5,19.74,1076.69854,-0.498039879,yes
10 m,T1,5,19.7465,1076.47662,-0.499830282,yes
10 m,T1,5,19.753,1076.26034,-0.50157564,yes
10 m,T1,5,19.7595,1076.04967,-0.503275965,yes
10 m,T1,5,19.766,1075.84462,-0.504931268,yes
10 m,T1,5,19.7725,1075.64519,-0.50654156,yes
10 m,T1,5,19.779,1075.45136,-0.508106854,yes
10 m,T1,5,19.7855,1075.26314,-0.509627159,yes
10 m,T1,5,19.792,1075.08052,-0.511102485,yes
10 m,T1,5,19.7985,1074.9035,-0.512532843,yes
10 m,T1,5,19.805,1074.73206,-0.513918242,yes
10 m,T1,5,19.8115,1074.56622,-0.515258692,yes
10 m,T1,5,19.818,1074.40596,-0.516554199,yes
10 m,T1,5,19.8245,1074.25128,-0.517804774,yes
10 m,T1,5,19.831,1074.10218,-0.519010424,yes
10 m,T1,5,19.8375,1073.95865,-0.520171156,yes
10 m,T1,5,19.844,1073.82069,-0.521286978,yes
10 m,T1,5,19.8505,1073.6883,-0.522357896,yes
10 m,T1,5,19.857,1073.56148,-0.523383916,yes
10 m,T1,5,19.8635,1073.44022,-0.524365044,yes
10 m,T1,5,19.87,1073.32453,-0.525301287,yes
10 m,T1,5,19.8765,1073.21438,-0.526192648,yes
10 m,T1,5,19.883,1073.1098,-0.527039133,yes
10 m,T1,5,19.8895,1073.01077,-0.527840745,yes
10 m,T1,5,19.896,1072.91729,-0.528597489,yes
10 m,T1,5,19.9025,1072.82936,-0.529309369,yes
10 m,T1,5,19.909,1072.74697,-0.529976387,yes
10 m,T1,5,19.9155,1072.67014,-0.530598546,yes
10 m,T1,5,19.922,1072.59885,-0.531175848,yes
10 m,T1,5,19.9285,1072.5331,-0.531708295,yes
10 m,T1,5,19.935,1072.47289,-0.532195888,yes
10 m,T1,5,19.9415,1072.41822,-0.53263863,yes
10 m,T1,5,19.948,1072.3691,-0.533036519,yes
10 m,T1,5,19.9545,1072.32551,-0.533389558,yes
10 m,T1,5,19.961,1072.28747,-0.533697744,yes
10 m,T1,5,19.9675,1072.25496,-0.533961078,yes
10 m,T1,5,19.974,1072.22799,-0.534179559,yes
10 m,T1,5,19.9805,1072.20656,-0.534353186,yes
10 m,T1,5,19.987,1072.19066,-0.534481956,yes
10 m,T1,5,19.9935,1072.1803,-0.534565868,yes
10 m,T1,5,20,1072.17548,-0.534604918,yes
10 m,T1,5,20.0065,1072.1762,-0.534599104,yes
10 m,T1,5,20.013,1072.18245,-0.534548423,yes
10 m,T1,5,20.0195,1072.19425,-0.53445287,yes
10 m,T1,5,20.026,1072.21158,-0.534312441,yes
10 m,T1,5,20.0325,1072.23446,-0.534127132,yes
10 m,T1,5,20.039,1072.26288,-0.533896938,yes
10 m,T1,5,20.0455,1072.29684,-0.533621853,yes
10 m,T1,5,20.052,1072.33634,-0.53330187,yes
10 m,T1,5,20.0585,1072.38139,-0.532936985,yes
10 m,T1,5,20.065,1072.43198,-0.53252719,yes
10 m,T1,5,20.0715,1072.48813,-0.532072478,yes
10 m,T1,5,20.078,1072.54982,-0.531572841,yes
10 m,T1,5,20.0845,1072.61707,-0.531028272,yes
10 m,T1,5,20.091,1072.68987,-0.530438762,yes
10 m,T1,5,20.0975,1072.76823,-0.529804302,yes
10 m,T1,5,20.104,1072.85214,-0.529124883,yes
10 m,T1,5,20.1105,1072.94162,-0.528400496,yes
10 m,T1,5,20.117,1073.03666,-0.527631131,yes
10 m,T1,5,20.1235,1073.13727,-0.526816776,yes
10 m,T1,5,20.13,1073.24345,-0.525957422,yes
10 m,T1,5,20.1365,1073.3552,-0.525053056,yes
10 m,T1,5,20.143,1073.47253,-0.524103668,yes
10 m,T1,5,20.1495,1073.59543,-0.523109246,yes
10 m,T1,5,20.156,1073.72392,-0.522069775,yes
10 m,T1,5,20.1625,1073.858,-0.520985245,yes
10 m,T1,5,20.169,1073.99766,-0.519855641,yes
10 m,T1,5,20.1755,1074.14292,-0.518680949,yes
10 m,T1,5,20.182,1074.29378,-0.517461156,yes
10 m,T1,5,20.1885,1074.45023,-0.516196247,yes
10 m,T1,5,20.195,1074.6123,-0.514886206,yes
10 m,T1,5,20.2015,1074.77998,-0.513531019,yes
10 m,T1,5,20.208,1074.95327,-0.51213067,yes
10 m,T1,5,20.2145,1075.13218,-0.510685142,yes
10 m,T1,5,20.221,1075.31671,-0.509194418,yes
10 m,T1,5,20.2275,1075.50688,-0.507658483,yes
10 m,T1,5,20.234,1075.70268,-0.506077317,yes
10 m,T1,5,20.2405,1075.90412,-0.504450903,yes
10 m,T1,5,20.247,1076.11121,-0.502779224,yes
10 m,T1,5,20.2535,1076.32395,-0.501062259,yes
10 m,T1,5,20.26,1076.54235,-0.49929999,yes
10 m,T1,5,20.2665,1076.76641,-0.497492397,yes
10 m,T1,5,20.273,1076.99613,-0.495639461,yes
10 m,T1,5,20.2795,1077.23154,-0.493741161,yes
10 m,T1,5,20.286,1077.47262,-0.491797476,yes
10 m,T1,5,20.2925,1077.71939,-0.489808385,yes
10 m,T1,5,20.299,1077.97186,-0.487773865,yes
10 m,T1,5,20.3055,1078.23003,-0.485693896,yes
10 m,T1,5,20.312,1078.4939,-0.483568455,yes
10 m,T1,5,20.3185,1078.76349,-0.481397518,yes
10 m,T1,5,20.325,1079.03881,-0.479181063,yes
10 m,T1,5,20.3315,1079.31985,-0.476919065,yes
10 m,T1,5,20.338,1079.60663,-0.474611501,yes
10 m,T1,5,20.3445,1079.89915,-0.472258346,yes
10 m,T1,5,20.351,1080.19743,-0.469859575,yes
10 m,T1,5,20.3575,1080.50146,-0.467415162,yes
10 m,T1,5,20.364,1080.81127,-0.464925082,yes
10 m,T1,5,20.3705,1081.12685,-0.462389309,yes
10 m,T1,5,20.377,1081.44821,-0.459807816,yes
10 m,T1,5,20.3835,1081.77537,-0.457180575,yes
10 m,T1,5,20.39,1082.10833,-0.45450756,yes
10 m,T1,5,20.3965,1082.4471,-0.451788743,yes
10 m,T1,5,20.403,1082.79169,-0.449024095,yes
10 m,T1,5,20.4095,1083.1421,-0.446213587,yes
10 m,T1,5,20.416,1083.49836,-0.443357191,yes
10 m,T1,5,20.4225,1083.86046,-0.440454877,yes
10 m,T1,5,20.429,1084.22842,-0.437506614,yes
10 m,T1,5,20.4355,1084.60224,-0.434512374,yes
10 m,T1,5,20.442,1084.98194,-0.431472125,yes
10 m,T1,5,20.4485,1085.36753,-0.428385835,yes
10 m,T1,5,20.455,1085.75901,-0.425253473,yes
10 m,T1,5,20.4615,1086.1564,-0.422075008,yes
10 m,T1,5,20.468,1086.55971,-0.418850407,yes
10 m,T1,5,20.4745,1086.96894,-0.415579637,yes
10 m,T1,5,20.481,1087.38411,-0.412262665,yes
10 m,T1,5,20.4875,1087.80524,-0.408899457,yes
10 m,T1,5,20.494,1088.23232,-0.405489979,yes
10 m,T1,5,20.5005,1088.66537,-0.402034198,yes
10 m,T1,5,20.507,1089.1044,-0.398532077,yes
10 m,T1,5,20.5135,1089.54943,-0.394983583,yes
10 m,T1,5,20.52,1090.00047,-0.391388679,yes
10 m,T1,5,20.5265,1090.45752,-0.387747329,yes
10 m,T1,5,20.533,1090.9206,-0.384059497,yes
10 m,T1,5,20.5395,1091.38972,-0.380325145,yes
10 m,T1,5,20.546,1091.8649,-0.376544238,yes
10 m,T1,5,20.5525,1092.34615,-0.372716737,yes
10 m,T1,5,20.559,1092.83347,-0.368842604,yes
10 m,T1,5,20.5655,1093.32688,-0.364921801,yes
10 m,T1,5,20.572,1093.8264,-0.360954289,yes
10 m,T1,5,20.5785,1094.33204,-0.356940029,yes
10 m,T1,5,20.585,1094.84381,-0.35287898,yes
10 m,T1,5,20.5915,1095.36173,-0.348771104,yes
10 m,T1,5,20.598,1095.8858,-0.34461636,yes
10 m,T1,5,20.6045,1096.41604,-0.340414707,yes
10 m,T1,5,20.611,1096.95247,-0.336166104,yes
10 m,T1,5,20.6175,1097.49511,-0.331870509,yes
10 m,T1,5,20.624,1098.04395,-0.32752788,yes
10 m,T1,5,20.6305,1098.59902,-0.323138176,yes
10 m,T1,5,20.637,1099.16034,-0.318701353,yes
10 m,T1,5,20.6435,1099.72791,-0.314217368,yes
10 m,T1,5,20.65,1100.30176,-0.309686178,yes
10 m,T1,5,20.6565,1100.8819,-0.305107738,yes
10 m,T1,5,20.663,1101.46834,-0.300482006,yes
10 m,T1,5,20.6695,1102.06109,-0.295808935,yes
10 m,T1,5,20.676,1102.66018,-0.291088482,yes
10 m,T1,5,20.6825,1103.26563,-0.2863206,yes
10 m,T1,5,20.689,1103.87743,-0.281505244,yes
10 m,T1,5,20.6955,1104.49562,-0.276642368,yes
10 m,T1,5,20.702,1105.12021,-0.271731926,yes
10 m,T1,5,20.7085,1105.75121,-0.26677387,yes
10 m,T1,5,20.715,1106.38864,-0.261768153,yes
10 m,T1,5,20.7215,1107.03253,-0.256714728,yes
10 m,T1,5,20.728,1107.68287,-0.251613547,yes
10 m,T1,5,20.7345,1108.3397,-0.246464561,yes
10 m,T1,5,20.741,1109.00303,-0.241267722,yes
10 m,T1,5,20.7475,1109.67287,-0.23602298,yes
10 m,T1,5,20.754,1110.34925,-0.230730287,yes
10 m,T1,5,20.7605,1111.03218,-0.225389593,yes
10 m,T1,5,20.767,1111.72168,-0.220000847,yes
10 m,T1,5,20.7735,1112.41777,-0.214563998,yes
10 m,T1,5,20.78,1113.12047,-0.209078998,yes
10 m,T1,5,20.7865,1113.82979,-0.203545793,yes
10 m,T1,5,20.793,1114.54575,-0.197964333,yes
10 m,T1,5,20.7995,1115.26838,-0.192334566,yes
10 m,T1,5,20.806,1115.99769,-0.186656439,yes
10 m,T1,5,20.8125,1116.7337,-0.180929901,yes
10 m,T1,5,20.819,1117.47643,-0.175154898,yes
10 m,T1,5,20.8255,1118.2259,-0.169331377,yes
10 m,T1,5,20.832,1118.98214,-0.163459284,yes
10 m,T1,5,20.8385,1119.74515,-0.157538567,yes
10 m,T1,5,20.845,1120.51496,-0.15156917,yes
10 m,T1,5,20.8515,1121.29159,-0.145551039,yes
10 m,T1,5,20.858,1122.07506,-0.13948412,yes
10 m,T1,5,20.8645,1122.8654,-0.133368357,yes
10 m,T1,5,20.871,1123.66262,-0.127203695,yes
10 m,T1,5,20.8775,1124.46674,-0.120990079,yes
10 m,T1,5,20.884,1125.27778,-0.114727452,yes
10 m,T1,5,20.8905,1126.09578,-0.108415757,yes
10 m,T1,5,20.897,1126.92074,-0.102054939,yes
10 m,T1,5,20.9035,1127.75269,-0.0956449406,yes
10 m,T1,5,20.91,1128.59165,-0.0891857041,yes
10 m,T1,5,20.9165,1129.43764,-0.0826771724,yes
10 m,T1,5,20.923,1130.2907,-0.0761192877,yes
10 m,T1,5,20.9295,1131.15083,-0.0695119919,yes
10 m,T1,5,20.936,1132.01806,-0.0628552267,yes
10 m,T1,5,20.9425,1132.89242,-0.0561489334,yes
10 m,T1,5,20.949,1133.77393,-0.0493930533,yes
10 m,T1,5,20.9555,1134.6626,-0.0425875273,yes
10 m,T1,5,20.962,1135.55847,-0.0357322958,yes
10 m,T1,5,20.9685,1136.46156,-0.0288272993,yes
10 m,T1,5,20.975,1137.3719,-0.0218724779,yes
10 m,T1,5,20.9815,1138.2895,-0.0148677715,yes
10 m,T1,5,20.988,1139.21439,-0.00781311963,yes
10 m,T1,5,20.9945,1140.14659,-0.000708461732,yes
10 m,T1,5,21.001,1141.08614,0.00644626305,no
10 m,T1,5,21.0075,1142.03305,0.0136511158,no
10 m,T1,5,21.014,1142.98735,0.0209061578,no
10 m,T1,5,21.0205,1143.94907,0.0282114506,no
10 m,T1,5,21.027,1144.91823,0.0355670558,no
10 m,T1,5,21.0335,1145.89485,0.0429730355,no
10 m,T1,5,21.04,1146.87897,0.0504294517,no
10 m,T1,5,21.0465,1147.87061,0.0579363668,no
10 m,T1,5,21.053,1148.86979,0.0654938433,no
10 m,T1,5,21.0595,1149.87654,0.0731019439,no
10 m,T1,5,21.066,1150.89089,0.0807607314,no
10 m,T1,5,21.0725,1151.91287,0.0884702689,no
10 m,T1,5,21.079,1152.9425,0.0962306196,no
10 m,T1,5,21.0855,1153.97981,0.104041847,no
10 m,T1,5,21.092,1155.02482,0.111904014,no
10 m,T1,5,21.0985,1156.07757,0.119817185,no
10 m,T1,5,21.105,1157.13809,0.127781424,no
10 m,T1,5,21.1115,1158.20639,0.135796794,no
10 m,T1,5,21.118,1159.28251,0.14386336,no
10 m,T1,5,21.1245,1160.36649,0.151981185,no
10 m,T1,5,21.131,1161.45833,0.160150335,no
10 m,T1,5,21.1375,1162.55809,0.168370872,no
10 m,T1,5,21.144,1163.66577,0.176642863,no
10 m,T1,5,21.1505,1164.78142,0.184966371,no
10 m,T1,5,21.157,1165.90507,0.193341461,no
10 m,T1,5,21.1635,1167.03674,0.201768197,no
10 m,T1,5,21.17,1168.17646,0.210246645,no
10 m,T1,5,21.1765,1169.32426,0.21877687,no
10 m,T1,5,21.183,1170.48018,0.227358935,no
10 m,T1,5,21.1895,1171.64424,0.235992907,no
10 m,T1,5,21.196,1172.81648,0.244678849,no
10 m,T1,5,21.2025,1173.99692,0.253416827,no
10 m,T1,5,21.209,1175.1856,0.262206907,no
10 m,T1,5,21.2155,1176.38255,0.271049152,no
10 m,T1,5,21.222,1177.5878,0.279943627,no
10 m,T1,5,21.2285,1178.80138,0.288890398,no
10 m,T1,5,21.235,1180.02333,0.29788953,no
10 m,T1,5,21.2415,1181.25367,0.306941086,no
10 m,T1,5,21.248,1182.49244,0.316045133,no
10 m,T1,5,21.2545,1183.73968,0.325201734,no
10 m,T1,5,21.261,1184.9954,0.334410955,no
10 m,T1,5,21.2675,1186.25966,0.343672859,no
10 m,T1,5,21.274,1187.53247,0.352987512,no
10 m,T1,5,21.2805,1188.81388,0.362354977,no
10 m,T1,5,21.287,1190.10391,0.371775318,no
10 m,T1,5,21.2935,1191.40261,0.3812486,no
10 m,T1,5,21.3,1192.71,0.390774887,no
