phase,candidate,filter_path,VFO_T1_L1,VFO_T1_L2,VFO_T1_K,VFO_C7,VFO_C8,VFO_C9,VFO_C10,VFO_C11,VFO_C12,raw_mixer_mvpp,filter_input_mvpp,filter_output_mvpp,frequency_mhz,filter_gain_db,loaded_out_mvpp
t1_inductance,l5.00,10 m,5.0,5.0,0.1,16.6,5.1,14.5,16.6,5.1,14.5,533.7108471138577,526.5857747721484,258.77350886719,19.0,-6.170986162773966,128.9407888915988
t1_inductance,l5.00,10 m,5.0,5.0,0.1,16.6,5.1,14.5,16.6,5.1,14.5,434.9668490762178,428.15279798280363,258.64545566349693,19.5,-4.377878682400757,128.779061317653
t1_inductance,l5.00,10 m,5.0,5.0,0.1,16.6,5.1,14.5,16.6,5.1,14.5,364.6809629227843,357.6101383417042,273.39909345513377,20.0,-2.3322550494775243,136.0157504274788
t1_inductance,l5.00,10 m,5.0,5.0,0.1,16.6,5.1,14.5,16.6,5.1,14.5,320.0844751042384,312.12177929413065,299.98608904293,20.5,-0.34445915855206116,149.1176590663625
t1_inductance,l5.00,10 m,5.0,5.0,0.1,16.6,5.1,14.5,16.6,5.1,14.5,160.46288247334329,155.82487333270694,165.6155850839894,21.0,0.5292884134565665,82.27213389528202
t1_inductance,l5.20,10 m,5.2,5.2,0.1,16.6,5.1,14.5,16.6,5.1,14.5,467.8027936508952,460.8630639476976,261.4863312363029,19.0,-4.922458220851915,130.2921042869974
t1_inductance,l5.20,10 m,5.2,5.2,0.1,16.6,5.1,14.5,16.6,5.1,14.5,388.6021066465844,381.58248196488006,272.35698697704447,19.5,-2.9289981494341917,135.60345218435822
t1_inductance,l5.20,10 m,5.2,5.2,0.1,16.6,5.1,14.5,16.6,5.1,14.5,336.35561929058275,328.61566866925193,296.469751985239,20.0,-0.8941575411650435,147.48838336163695
t1_inductance,l5.20,10 m,5.2,5.2,0.1,16.6,5.1,14.5,16.6,5.1,14.5,314.00881713779165,305.3286271740973,315.7374565650976,20.5,0.2911716227002304,156.9437393747039
t1_inductance,l5.20,10 m,5.2,5.2,0.1,16.6,5.1,14.5,16.6,5.1,14.5,162.77455216526292,158.3955230488001,150.0114309016377,21.0,-0.4723709743620139,74.52149237477333
t1_inductance,l5.40,10 m,5.4,5.4,0.1,16.6,5.1,14.5,16.6,5.1,14.5,417.93116932037407,410.9232762222124,271.5078395576915,19.0,-3.5995673604704463,135.2837298905993
t1_inductance,l5.40,10 m,5.4,5.4,0.1,16.6,5.1,14.5,16.6,5.1,14.5,356.4189819658156,348.90098626915477,292.1033220259471,19.5,-1.5433140194475987,145.43072333450425
t1_inductance,l5.40,10 m,5.4,5.4,0.1,16.6,5.1,14.5,16.6,5.1,14.5,324.9629499022876,316.5017082327675,314.75503415207567,20.0,-0.04806746921941601,156.58061113983203
t1_inductance,l5.40,10 m,5.4,5.4,0.1,16.6,5.1,14.5,16.6,5.1,14.5,317.74777741191537,309.23745536501997,297.87630281212995,20.5,-0.3251227219538872,148.07069232182903
t1_inductance,l5.40,10 m,5.4,5.4,0.1,16.6,5.1,14.5,16.6,5.1,14.5,159.12472270878487,155.31679180710623,120.50202612684829,21.0,-2.2044812409062353,59.86352485591865
t1_inductance,l5.60,10 m,5.6,5.6,0.1,16.6,5.1,14.5,16.6,5.1,14.5,381.4520358710093,374.11861526956176,287.55849828825666,19.0,-2.285662225584977,143.2779606036055
t1_inductance,l5.60,10 m,5.6,5.6,0.1,16.6,5.1,14.5,16.6,5.1,14.5,339.13607690023355,330.9612962852771,311.3234699443156,19.5,-0.531306930951732,154.99533467676372
t1_inductance,l5.60,10 m,5.6,5.6,0.1,16.6,5.1,14.5,16.6,5.1,14.5,326.2207653310361,317.6141635050951,308.97282223272776,20.0,-0.23959162066539608,153.70636365293834
t1_inductance,l5.60,10 m,5.6,5.6,0.1,16.6,5.1,14.5,16.6,5.1,14.5,314.073851993616,306.466976038314,249.54704035273298,20.5,-1.7846251927824028,124.05659822185669
t1_inductance,l5.60,10 m,5.6,5.6,0.1,16.6,5.1,14.5,16.6,5.1,14.5,151.32280208409665,147.9939027962246,93.19344158332677,21.0,-4.017169459334888,46.2978948101751
t1_inductance,l5.80,10 m,5.8,5.8,0.1,16.6,5.1,14.5,16.6,5.1,14.5,358.0962850621668,350.232728561758,305.8738467491019,19.0,-1.1762876538009148,152.3994758688789
t1_inductance,l5.80,10 m,5.8,5.8,0.1,16.6,5.1,14.5,16.6,5.1,14.5,335.68514380267044,327.12244318855204,315.98113207559896,19.5,-0.30098380932766666,157.31346729329104
t1_inductance,l5.80,10 m,5.8,5.8,0.1,16.6,5.1,14.5,16.6,5.1,14.5,325.74051355082185,317.7596491968497,272.115661994252,20.0,-1.3469041687795682,135.3795194767586
t1_inductance,l5.80,10 m,5.8,5.8,0.1,16.6,5.1,14.5,16.6,5.1,14.5,301.30915573582104,294.62348328682765,197.5446171062831,20.5,-3.472043194306425,98.2116052828223
t1_inductance,l5.80,10 m,5.8,5.8,0.1,16.6,5.1,14.5,16.6,5.1,14.5,143.01040688540942,139.99950599117736,72.84235680791537,21.0,-5.674850285997691,36.187969551380185
t1_inductance,l6.00,10 m,6.0,6.0,0.1,16.6,5.1,14.5,16.6,5.1,14.5,348.08731444949336,339.72443977068355,317.5291621646921,19.0,-0.5868634735039631,158.20394467206322
t1_inductance,l6.00,10 m,6.0,6.0,0.1,16.6,5.1,14.5,16.6,5.1,14.5,336.6269784064853,328.33255102090476,293.65988981894344,19.5,-0.9693861897043325,146.20688491351987
t1_inductance,l6.00,10 m,6.0,6.0,0.1,16.6,5.1,14.5,16.6,5.1,14.5,316.3671784177139,309.2616110820363,222.61173646092595,20.0,-2.8555591332036596,110.75900952530456
t1_inductance,l6.00,10 m,6.0,6.0,0.1,16.6,5.1,14.5,16.6,5.1,14.5,285.8775108820224,279.85976044588017,155.86533538785926,20.5,-5.083818393291377,77.49383775678467
t1_inductance,l6.00,10 m,6.0,6.0,0.1,16.6,5.1,14.5,16.6,5.1,14.5,135.52073474958758,132.71406375213604,58.346734104372736,21.0,-7.138007914675778,28.986650880292817
t1_coupling,k0.04,10 m,5.4,5.4,0.04,16.6,5.1,14.5,16.6,5.1,14.5,479.6720989384886,473.9934212697969,130.09041710405978,19.0,-11.23054015657255,64.83016700193981
t1_coupling,k0.04,10 m,5.4,5.4,0.04,16.6,5.1,14.5,16.6,5.1,14.5,406.87591427223043,401.57632216417653,139.53183303134284,19.5,-9.18189596639874,69.48231697158072
t1_coupling,k0.04,10 m,5.4,5.4,0.04,16.6,5.1,14.5,16.6,5.1,14.5,356.34183982793866,351.1494199131809,141.60322946566717,20.0,-7.888375942704058,70.45946265004322
t1_coupling,k0.04,10 m,5.4,5.4,0.04,16.6,5.1,14.5,16.6,5.1,14.5,319.1615522135751,314.06521746154306,118.29189569272451,20.5,-8.481296990921663,58.81481954702927
t1_coupling,k0.04,10 m,5.4,5.4,0.04,16.6,5.1,14.5,16.6,5.1,14.5,150.82014992197108,148.26393807052045,44.3866591845101,21.0,-10.475661455432288,22.051919773590324
t1_coupling,k0.06,10 m,5.4,5.4,0.06,16.6,5.1,14.5,16.6,5.1,14.5,462.9647904297304,457.00906903057677,186.28132663769324,19.0,-7.795109924972006,92.82819338029958
t1_coupling,k0.06,10 m,5.4,5.4,0.06,16.6,5.1,14.5,16.6,5.1,14.5,393.7678514561001,387.9504512808758,200.14266317489336,19.5,-5.748731740375977,99.65883805619943
t1_coupling,k0.06,10 m,5.4,5.4,0.06,16.6,5.1,14.5,16.6,5.1,14.5,349.73474134410856,343.76635608753907,206.89480656912332,20.0,-4.41027562861466,102.94053217674266
t1_coupling,k0.06,10 m,5.4,5.4,0.06,16.6,5.1,14.5,16.6,5.1,14.5,320.3507855953853,314.49982353760805,178.15724874807037,20.5,-4.936338175223138,88.57483034651156
t1_coupling,k0.06,10 m,5.4,5.4,0.06,16.6,5.1,14.5,16.6,5.1,14.5,153.04071979881905,150.2191768407163,67.77496145477825,21.0,-6.913121971574992,33.67083844234523
t1_coupling,k0.08,10 m,5.4,5.4,0.08,16.6,5.1,14.5,16.6,5.1,14.5,441.848509617915,435.42652967184415,233.72885417317238,19.0,-5.404051124216456,116.4659833892821
t1_coupling,k0.08,10 m,5.4,5.4,0.08,16.6,5.1,14.5,16.6,5.1,14.5,376.61041794591216,370.0179551262539,251.50550403974398,19.5,-3.3535060993283947,125.22608858991832
t1_coupling,k0.08,10 m,5.4,5.4,0.08,16.6,5.1,14.5,16.6,5.1,14.5,339.39470905631805,332.29745680087734,265.61236453412704,20.0,-1.945574588800845,132.14473929441033
t1_coupling,k0.08,10 m,5.4,5.4,0.08,16.6,5.1,14.5,16.6,5.1,14.5,320.4585920674116,313.46305974635806,238.72429618870268,20.5,-2.3657949370597633,118.67808912463072
t1_coupling,k0.08,10 m,5.4,5.4,0.08,16.6,5.1,14.5,16.6,5.1,14.5,155.90796816023493,152.6780313719737,93.01369291069422,21.0,-4.304593281442361,46.20872984370446
t1_coupling,k0.10,10 m,5.4,5.4,0.1,16.6,5.1,14.5,16.6,5.1,14.5,417.93116932037407,410.9232762222124,271.5078395576915,19.0,-3.5995673604704463,135.2837298905993
t1_coupling,k0.10,10 m,5.4,5.4,0.1,16.6,5.1,14.5,16.6,5.1,14.5,356.4189819658156,348.90098626915477,292.1033220259471,19.5,-1.5433140194475987,145.43072333450425
t1_coupling,k0.10,10 m,5.4,5.4,0.1,16.6,5.1,14.5,16.6,5.1,14.5,324.9629499022876,316.5017082327675,314.75503415207567,20.0,-0.04806746921941601,156.58061113983203
t1_coupling,k0.10,10 m,5.4,5.4,0.1,16.6,5.1,14.5,16.6,5.1,14.5,317.74777741191537,309.23745536501997,297.87630281212995,20.5,-0.3251227219538872,148.07069232182903
t1_coupling,k0.10,10 m,5.4,5.4,0.1,16.6,5.1,14.5,16.6,5.1,14.5,159.12472270878487,155.31679180710623,120.50202612684829,21.0,-2.2044812409062353,59.86352485591865
t1_coupling,k0.12,10 m,5.4,5.4,0.12,16.6,5.1,14.5,16.6,5.1,14.5,392.7409132721871,385.09480742800804,299.7164460099682,19.0,-2.1771417705230944,149.3322473800128
t1_coupling,k0.12,10 m,5.4,5.4,0.12,16.6,5.1,14.5,16.6,5.1,14.5,334.48576422643487,325.99696891387606,321.6447395220937,19.5,-0.11674218247680124,160.13015515616303
t1_coupling,k0.12,10 m,5.4,5.4,0.12,16.6,5.1,14.5,16.6,5.1,14.5,306.7742117671855,296.8599921557311,351.92034531163915,20.0,1.4778540693863482,175.05633078427857
t1_coupling,k0.12,10 m,5.4,5.4,0.12,16.6,5.1,14.5,16.6,5.1,14.5,310.3507389591937,300.0292706414139,351.73405924434735,20.5,1.381015957463949,174.82477448595992
t1_coupling,k0.12,10 m,5.4,5.4,0.12,16.6,5.1,14.5,16.6,5.1,14.5,162.06780652467916,157.48587086141157,150.16894076929216,21.0,-0.41322957789184744,74.59957242657816
t1_coupling,k0.15,10 m,5.4,5.4,0.15,16.6,5.1,14.5,16.6,5.1,14.5,355.29369003603193,346.712088629246,326.07590816618585,19.0,-0.5330054343312074,162.45789313769941
t1_coupling,k0.15,10 m,5.4,5.4,0.15,16.6,5.1,14.5,16.6,5.1,14.5,301.08896924223086,291.2437660586591,347.14472824395125,19.5,1.5250787234030092,172.8164624437598
t1_coupling,k0.15,10 m,5.4,5.4,0.15,16.6,5.1,14.5,16.6,5.1,14.5,275.1285629661954,263.1738957250106,383.79734254479376,20.0,3.277183079823674,190.89939747563753
t1_coupling,k0.15,10 m,5.4,5.4,0.15,16.6,5.1,14.5,16.6,5.1,14.5,287.72578054138467,274.47780456468695,411.5179596450622,20.5,3.517631246222459,204.51170121078619
t1_coupling,k0.15,10 m,5.4,5.4,0.15,16.6,5.1,14.5,16.6,5.1,14.5,163.40792626451181,157.28441900488463,196.05830556744692,21.0,1.9139908498884162,97.39181951316938
t1_coupling,k0.18,10 m,5.4,5.4,0.18,16.6,5.1,14.5,16.6,5.1,14.5,320.73426162324336,311.35106389635257,337.279919822204,19.0,0.6948026379727326,168.03616306978108
t1_coupling,k0.18,10 m,5.4,5.4,0.18,16.6,5.1,14.5,16.6,5.1,14.5,270.0096490775521,259.08174551037274,354.9264360495995,19.5,2.7340306764848084,176.68718548563126
t1_coupling,k0.18,10 m,5.4,5.4,0.18,16.6,5.1,14.5,16.6,5.1,14.5,242.84283908528124,229.3080639148079,390.8804260998364,20.0,4.632491910585829,194.4187533005288
t1_coupling,k0.18,10 m,5.4,5.4,0.18,16.6,5.1,14.5,16.6,5.1,14.5,253.47885464887142,237.64103151829434,436.3001785666984,20.5,5.277279238007805,216.81359396738412
t1_coupling,k0.18,10 m,5.4,5.4,0.18,16.6,5.1,14.5,16.6,5.1,14.5,156.11538006800495,148.16450421716397,233.9282173826445,21.0,3.96676878430409,116.1982783521894
t1_slug_split,split-0.10,10 m,4.86,5.940000000000001,0.04,16.6,5.1,14.5,16.6,5.1,14.5,660.653697969546,653.1841499725101,267.89135418453344,19.0,-7.741538802046307,133.48275943705832
t1_slug_split,split-0.10,10 m,4.86,5.940000000000001,0.04,16.6,5.1,14.5,16.6,5.1,14.5,558.2603373543496,551.3539013731992,218.449753289121,19.5,-8.041577868346012,108.77268898051062
t1_slug_split,split-0.10,10 m,4.86,5.940000000000001,0.04,16.6,5.1,14.5,16.6,5.1,14.5,474.6632885689686,468.4647472118047,150.15882538991715,20.0,-9.882521053159994,74.71617218178368
t1_slug_split,split-0.10,10 m,4.86,5.940000000000001,0.04,16.6,5.1,14.5,16.6,5.1,14.5,405.24128121304864,399.67913581596764,99.28853193531714,20.5,-12.096247766659314,49.366888241194054
t1_slug_split,split-0.10,10 m,4.86,5.940000000000001,0.04,16.6,5.1,14.5,16.6,5.1,14.5,184.40997076963163,181.73212495227597,35.669002231513176,21.0,-14.142814874561422,17.72091236117182
t1_slug_split,split-0.05,10 m,5.13,5.670000000000001,0.04,16.6,5.1,14.5,16.6,5.1,14.5,553.6482132441722,547.3149870348233,191.3455133361578,19.0,-9.128381143251875,95.35147535466868
t1_slug_split,split-0.05,10 m,5.13,5.670000000000001,0.04,16.6,5.1,14.5,16.6,5.1,14.5,466.7112241293839,460.7461112160311,187.68024818089464,19.5,-7.8008621862752845,93.45497429621045
t1_slug_split,split-0.05,10 m,5.13,5.670000000000001,0.04,16.6,5.1,14.5,16.6,5.1,14.5,406.68291850796203,400.9820656473927,154.01471811188262,20.0,-8.311254469113937,76.63467155769602
t1_slug_split,split-0.05,10 m,5.13,5.670000000000001,0.04,16.6,5.1,14.5,16.6,5.1,14.5,356.5581922521357,351.25024078733463,107.84137926412139,20.5,-10.256623937693545,53.61924658206022
t1_slug_split,split-0.05,10 m,5.13,5.670000000000001,0.04,16.6,5.1,14.5,16.6,5.1,14.5,165.31004988298116,162.7117770563889,38.6814154687396,21.0,-12.478332608278304,19.21757242400117
t1_slug_split,split+0.00,10 m,5.4,5.4,0.04,16.6,5.1,14.5,16.6,5.1,14.5,479.6720989384886,473.9934212697969,130.09041710405978,19.0,-11.23054015657255,64.83016700193981
t1_slug_split,split+0.00,10 m,5.4,5.4,0.04,16.6,5.1,14.5,16.6,5.1,14.5,406.87591427223043,401.57632216417653,139.53183303134284,19.5,-9.18189596639874,69.48231697158072
t1_slug_split,split+0.00,10 m,5.4,5.4,0.04,16.6,5.1,14.5,16.6,5.1,14.5,356.34183982793866,351.1494199131809,141.60322946566717,20.0,-7.888375942704058,70.45946265004322
t1_slug_split,split+0.00,10 m,5.4,5.4,0.04,16.6,5.1,14.5,16.6,5.1,14.5,319.1615522135751,314.06521746154306,118.29189569272451,20.5,-8.481296990921663,58.81481954702927
t1_slug_split,split+0.00,10 m,5.4,5.4,0.04,16.6,5.1,14.5,16.6,5.1,14.5,150.82014992197108,148.26393807052045,44.3866591845101,21.0,-10.475661455432288,22.051919773590324
t1_slug_split,split+0.05,10 m,5.670000000000001,5.13,0.04,16.6,5.1,14.5,16.6,5.1,14.5,425.82833095064154,420.52804951454874,89.61091030258513,19.0,-13.428681595325816,44.658170692069824
t1_slug_split,split+0.05,10 m,5.670000000000001,5.13,0.04,16.6,5.1,14.5,16.6,5.1,14.5,366.21443867089766,361.2660946411606,96.79976802336134,19.5,-11.439057755167338,48.204222824016284
t1_slug_split,split+0.05,10 m,5.670000000000001,5.13,0.04,16.6,5.1,14.5,16.6,5.1,14.5,321.6392148707771,316.8555462141999,107.86115346127325,20.0,-9.35992506170695,53.67070642244964
t1_slug_split,split+0.05,10 m,5.670000000000001,5.13,0.04,16.6,5.1,14.5,16.6,5.1,14.5,288.9253655559934,284.13547620234306,113.19055026155874,20.5,-7.9943058093373285,56.27833742626418
t1_slug_split,split+0.05,10 m,5.670000000000001,5.13,0.04,16.6,5.1,14.5,16.6,5.1,14.5,138.90341156274596,136.39350401739912,51.1150023473542,21.0,-8.524906033863289,25.3945708522132
t1_slug_split,split+0.10,10 m,5.940000000000001,4.86,0.04,16.6,5.1,14.5,16.6,5.1,14.5,385.08780836478167,380.0265003307563,63.87479548235095,19.0,-15.489687193324668,31.832459308694155
t1_slug_split,split+0.10,10 m,5.940000000000001,4.86,0.04,16.6,5.1,14.5,16.6,5.1,14.5,335.7902835590196,331.02229734316427,67.66765870242926,19.5,-13.78952196485547,33.697180963140084
t1_slug_split,split+0.10,10 m,5.940000000000001,4.86,0.04,16.6,5.1,14.5,16.6,5.1,14.5,297.3983152709302,292.8119167583372,75.1591634828206,20.0,-11.812136194605255,37.39879635884264
t1_slug_split,split+0.10,10 m,5.940000000000001,4.86,0.04,16.6,5.1,14.5,16.6,5.1,14.5,267.0361953907585,262.5210648021842,86.00841807776604,20.5,-9.692463943977364,42.763621166956284
t1_slug_split,split+0.10,10 m,5.940000000000001,4.86,0.04,16.6,5.1,14.5,16.6,5.1,14.5,128.50843435371593,126.11362860782022,49.3678789489249,21.0,-8.146351062220162,24.52655533741877
80m_coarse,scale0.850,80 m,5.4,5.4,0.04,16.6,5.1,16.02703549802415,16.6,5.1,16.02703549802415,846.7598558331276,837.4578074796606,313.81399644648985,12.5,-8.52581252179353,157.62403775580898
80m_coarse,scale0.850,80 m,5.4,5.4,0.04,16.6,5.1,16.02703549802415,16.6,5.1,16.02703549802415,520.6163899152878,514.286905089149,250.2859369728892,12.75,-6.255380362324806,125.69663465130915
80m_coarse,scale0.850,80 m,5.4,5.4,0.04,16.6,5.1,16.02703549802415,16.6,5.1,16.02703549802415,299.2147057962107,295.0735192741794,168.66689136099586,13.0,-4.858007915296944,84.69378881378732
80m_coarse,scale0.925,80 m,5.4,5.4,0.04,16.6,5.1,17.441185689026284,16.6,5.1,17.441185689026284,646.2944424481731,638.1755608392788,335.65190718153696,12.5,-5.581020990301624,168.58681491292197
80m_coarse,scale0.925,80 m,5.4,5.4,0.04,16.6,5.1,17.441185689026284,16.6,5.1,17.441185689026284,433.8980768417179,427.6967422858031,249.90080373825558,12.75,-4.667365787635021,125.50458610820466
80m_coarse,scale0.925,80 m,5.4,5.4,0.04,16.6,5.1,17.441185689026284,16.6,5.1,17.441185689026284,260.82094370571417,256.89425569675115,125.6741131984388,13.0,-6.210171278542628,63.108703967807514
80m_coarse,scale1.000,80 m,5.4,5.4,0.04,16.6,5.1,18.855335880028413,16.6,5.1,18.855335880028413,551.651093023233,543.6109027366442,319.0642534187157,12.5,-4.6282001595710796,160.2618773254915
80m_coarse,scale1.000,80 m,5.4,5.4,0.04,16.6,5.1,18.855335880028413,16.6,5.1,18.855335880028413,377.9641862196345,372.2442131674073,173.22096454666328,12.75,-6.644550049386028,87.00362602882534
80m_coarse,scale1.000,80 m,5.4,5.4,0.04,16.6,5.1,18.855335880028413,16.6,5.1,18.855335880028413,219.97415560236712,216.54429922990386,74.3943855010124,13.0,-9.280131881750227,37.35974176907291
80m_coarse,scale1.075,80 m,5.4,5.4,0.04,16.6,5.1,20.269486071030542,16.6,5.1,20.269486071030542,479.1117539946041,471.83940469564897,212.34255519809773,12.5,-6.935143363818558,106.67554771470279
80m_coarse,scale1.075,80 m,5.4,5.4,0.04,16.6,5.1,20.269486071030542,16.6,5.1,20.269486071030542,318.6421667588169,313.64485323611643,103.20394096984167,12.75,-9.654837673719287,51.84006470124139
80m_coarse,scale1.075,80 m,5.4,5.4,0.04,16.6,5.1,20.269486071030542,16.6,5.1,20.269486071030542,186.7589403933525,183.6635998410446,46.082871559204975,13.0,-12.009671177870052,23.142928437300515
80m_coarse,scale1.150,80 m,5.4,5.4,0.04,16.6,5.1,21.683636262032675,16.6,5.1,21.683636262032675,404.38625658445375,398.0219340010712,127.97905284539027,12.5,-9.855362278610322,64.2998798465496
80m_coarse,scale1.150,80 m,5.4,5.4,0.04,16.6,5.1,21.683636262032675,16.6,5.1,21.683636262032675,271.7556423655469,267.2189669945948,65.32861718984158,12.75,-12.235276304040308,32.81644633800677
80m_coarse,scale1.150,80 m,5.4,5.4,0.04,16.6,5.1,21.683636262032675,16.6,5.1,21.683636262032675,161.88135247600047,158.97578153925141,30.966318823884173,13.0,-14.208827755877545,15.551897521129437
80m_fine,fine0.940,80 m,5.4,5.4,0.04,16.6,5.1,16.394714547684707,16.6,5.1,16.394714547684707,783.7810042456425,774.9297900863619,318.00055565530647,12.5,-7.736689552975259,159.72577765470524
80m_fine,fine0.940,80 m,5.4,5.4,0.04,16.6,5.1,16.394714547684707,16.6,5.1,16.394714547684707,490.2821631916836,484.0560052762943,255.2573304559782,12.75,-5.558347789076146,128.19275553176203
80m_fine,fine0.940,80 m,5.4,5.4,0.04,16.6,5.1,16.394714547684707,16.6,5.1,16.394714547684707,288.70533446054577,284.56467841869045,163.14508753925213,13.0,-4.8321398204622605,81.92184548258213
80m_fine,fine0.970,80 m,5.4,5.4,0.04,16.6,5.1,16.917950118355495,16.6,5.1,16.917950118355495,707.1706725385942,698.7914036807957,326.37525698482233,12.5,-6.6126065398929885,163.9299623769649
80m_fine,fine0.970,80 m,5.4,5.4,0.04,16.6,5.1,16.917950118355495,16.6,5.1,16.917950118355495,457.34287085595633,451.1497178736025,258.02562171424415,12.75,-4.853157139166605,129.58299705456702
80m_fine,fine0.970,80 m,5.4,5.4,0.04,16.6,5.1,16.917950118355495,16.6,5.1,16.917950118355495,275.20392885949985,271.1281461371079,147.22383868595278,13.0,-5.3039293459322545,73.92842278104924
80m_fine,fine1.000,80 m,5.4,5.4,0.04,16.6,5.1,17.441185689026284,16.6,5.1,17.441185689026284,646.2944424481731,638.1755608392788,335.65190718153696,12.5,-5.581020990301624,168.58681491292197
80m_fine,fine1.000,80 m,5.4,5.4,0.04,16.6,5.1,17.441185689026284,16.6,5.1,17.441185689026284,433.8980768417179,427.6967422858031,249.90080373825558,12.75,-4.667365787635021,125.50458610820466
80m_fine,fine1.000,80 m,5.4,5.4,0.04,16.6,5.1,17.441185689026284,16.6,5.1,17.441185689026284,260.82094370571417,256.89425569675115,125.6741131984388,13.0,-6.210171278542628,63.108703967807514
80m_fine,fine1.030,80 m,5.4,5.4,0.04,16.6,5.1,17.964421259697072,16.6,5.1,17.964421259697072,601.1456558547055,593.0973470215515,340.8210334042668,12.5,-4.811991849187397,171.18189614772209
80m_fine,fine1.030,80 m,5.4,5.4,0.04,16.6,5.1,17.964421259697072,16.6,5.1,17.964421259697072,414.3267058056651,408.20367434751455,227.86175398536997,12.75,-5.06410947039666,114.43986639232705
80m_fine,fine1.030,80 m,5.4,5.4,0.04,16.6,5.1,17.964421259697072,16.6,5.1,17.964421259697072,245.42065897351554,241.68469804674564,104.00238354197003,13.0,-7.324117236965489,52.22701773457432
80m_fine,fine1.060,80 m,5.4,5.4,0.04,16.6,5.1,18.48765683036786,16.6,5.1,18.48765683036786,569.3826096374693,561.3170826719775,334.15252553606047,12.5,-4.505270230095784,167.83531761700803
80m_fine,fine1.060,80 m,5.4,5.4,0.04,16.6,5.1,18.48765683036786,16.6,5.1,18.48765683036786,393.6818055000501,387.7667125979543,196.4791372927331,12.75,-5.9050816453169634,98.68268259371042
80m_fine,fine1.060,80 m,5.4,5.4,0.04,16.6,5.1,18.48765683036786,16.6,5.1,18.48765683036786,230.15596250181665,226.6077280498324,85.32235402590602,13.0,-8.484237751542118,42.84716326411051
40m_coarse,scale0.850,40 m,5.4,5.4,0.04,16.6,6.599365521978892,17.441185689026284,16.6,6.599365521978892,17.441185689026284,458.0181055245703,451.65642671074494,216.2991688389562,16.0,-6.395066873479892,108.2337825920964
40m_coarse,scale0.850,40 m,5.4,5.4,0.04,16.6,6.599365521978892,17.441185689026284,16.6,6.599365521978892,17.441185689026284,329.75264032732656,324.86118454488985,150.0901277538233,16.25,-6.706913925647678,75.0851503610686
40m_coarse,scale0.850,40 m,5.4,5.4,0.04,16.6,6.599365521978892,17.441185689026284,16.6,6.599365521978892,17.441185689026284,206.93703195871385,203.7357998580033,81.51935227487294,16.5,-7.956132568091658,40.770313500218464
40m_coarse,scale0.925,40 m,5.4,5.4,0.04,16.6,7.1816624798005595,17.441185689026284,16.6,7.1816624798005595,17.441185689026284,426.72084058401003,420.3967549975531,196.23965954164467,16.0,-6.617451467095671,98.19923603927468
40m_coarse,scale0.925,40 m,5.4,5.4,0.04,16.6,7.1816624798005595,17.441185689026284,16.6,7.1816624798005595,17.441185689026284,306.460220900715,301.73321848111306,121.13987655507778,16.25,-7.926719969664418,60.60412228863364
40m_coarse,scale0.925,40 m,5.4,5.4,0.04,16.6,7.1816624798005595,17.441185689026284,16.6,7.1816624798005595,17.441185689026284,191.1917782211661,188.14029255816615,62.23106481762244,16.5,-9.609491657659355,31.12423626692203
40m_coarse,scale1.000,40 m,5.4,5.4,0.04,16.6,7.763959437622226,17.441185689026284,16.6,7.763959437622226,17.441185689026284,396.87567520077283,390.769871789379,158.706750003526,16.0,-7.826513482830983,79.42116364522776
40m_coarse,scale1.000,40 m,5.4,5.4,0.04,16.6,7.763959437622226,17.441185689026284,16.6,7.763959437622226,17.441185689026284,283.24800419383797,278.74685723292737,92.75423844308831,16.25,-9.557524311392363,46.40454525453578
40m_coarse,scale1.000,40 m,5.4,5.4,0.04,16.6,7.763959437622226,17.441185689026284,16.6,7.763959437622226,17.441185689026284,176.65669995968221,173.73954378137907,47.44810083190447,16.5,-11.273596856594779,23.731103351689573
40m_coarse,scale1.075,40 m,5.4,5.4,0.04,16.6,8.346256395443893,17.441185689026284,16.6,8.346256395443893,17.441185689026284,367.004485447803,361.1951344779933,121.99837305480813,16.0,-9.427757048277313,61.05373964783384
40m_coarse,scale1.075,40 m,5.4,5.4,0.04,16.6,8.346256395443893,17.441185689026284,16.6,8.346256395443893,17.441185689026284,261.82995712610455,257.52993552230305,71.01385866258617,16.25,-11.189692153375717,35.52871284628946
40m_coarse,scale1.075,40 m,5.4,5.4,0.04,16.6,8.346256395443893,17.441185689026284,16.6,8.346256395443893,17.441185689026284,163.823596912065,161.01005160001975,36.906429281648265,16.5,-12.795019204038747,18.45901608176559
40m_coarse,scale1.150,40 m,5.4,5.4,0.04,16.6,8.92855335326556,17.441185689026284,16.6,8.92855335326556,17.441185689026284,339.366162768426,333.82177081688525,93.73121807656803,16.0,-11.032607913979932,46.90890040888222
40m_coarse,scale1.150,40 m,5.4,5.4,0.04,16.6,8.92855335326556,17.441185689026284,16.6,8.92855335326556,17.441185689026284,242.90589534779062,238.76160130758143,55.43820784504382,16.25,-12.683106011200795,27.736650449435523
40m_coarse,scale1.150,40 m,5.4,5.4,0.04,16.6,8.92855335326556,17.441185689026284,16.6,8.92855335326556,17.441185689026284,152.62527930830413,149.8876803874602,29.3964380228439,16.5,-14.149424573518775,14.703097284945574
40m_fine,fine0.940,40 m,5.4,5.4,0.04,16.6,6.203403590660158,17.441185689026284,16.6,6.203403590660158,17.441185689026284,484.7508583185189,478.3917290684855,215.62198629608062,16.0,-6.921812401940395,107.89422680066643
40m_fine,fine0.940,40 m,5.4,5.4,0.04,16.6,6.203403590660158,17.441185689026284,16.6,6.203403590660158,17.441185689026284,345.9542111705006,341.03526309676914,162.45362667333467,16.25,-6.441397525846093,81.26893877600207
40m_fine,fine0.940,40 m,5.4,5.4,0.04,16.6,6.203403590660158,17.441185689026284,16.6,6.203403590660158,17.441185689026284,217.72372475711472,214.44163994178464,95.22040950606622,16.5,-7.0515814991396315,47.62203311665089
40m_fine,fine0.970,40 m,5.4,5.4,0.04,16.6,6.401384556319525,17.441185689026284,16.6,6.401384556319525,17.441185689026284,470.5630763061635,464.2075709001112,217.1876171514978,16.0,-6.597543173730935,108.67798909527757
40m_fine,fine0.970,40 m,5.4,5.4,0.04,16.6,6.401384556319525,17.441185689026284,16.6,6.401384556319525,17.441185689026284,337.69062318588686,332.7770832943792,157.41488370388302,16.25,-6.50215236173024,78.74876686418048
40m_fine,fine0.970,40 m,5.4,5.4,0.04,16.6,6.401384556319525,17.441185689026284,16.6,6.401384556319525,17.441185689026284,212.35000700099906,209.10392565742737,88.53481168454944,16.5,-7.464962366876154,44.278674542807835
40m_fine,fine1.000,40 m,5.4,5.4,0.04,16.6,6.599365521978892,17.441185689026284,16.6,6.599365521978892,17.441185689026284,458.0181055245703,451.65642671074494,216.2991688389562,16.0,-6.395066873479892,108.2337825920964
40m_fine,fine1.000,40 m,5.4,5.4,0.04,16.6,6.599365521978892,17.441185689026284,16.6,6.599365521978892,17.441185689026284,329.75264032732656,324.86118454488985,150.0901277538233,16.25,-6.706913925647678,75.0851503610686
40m_fine,fine1.000,40 m,5.4,5.4,0.04,16.6,6.599365521978892,17.441185689026284,16.6,6.599365521978892,17.441185689026284,206.93703195871385,203.7357998580033,81.51935227487294,16.5,-7.956132568091658,40.770313500218464
40m_fine,fine1.030,40 m,5.4,5.4,0.04,16.6,6.797346487638259,17.441185689026284,16.6,6.797346487638259,17.441185689026284,446.7302305671595,440.36488793032373,212.421984886615,16.0,-6.332264420535008,106.29443367051947
40m_fine,fine1.030,40 m,5.4,5.4,0.04,16.6,6.797346487638259,17.441185689026284,16.6,6.797346487638259,17.441185689026284,321.897852975826,317.0473508140511,141.03408886507503,16.25,-7.036000629744773,70.5554374526601
40m_fine,fine1.030,40 m,5.4,5.4,0.04,16.6,6.797346487638259,17.441185689026284,16.6,6.797346487638259,17.441185689026284,201.5168746808,198.36560742080192,74.57730729025634,16.5,-8.497193558601657,37.29862671416859
40m_fine,fine1.060,40 m,5.4,5.4,0.04,16.6,6.995327453297626,17.441185689026284,16.6,6.995327453297626,17.441185689026284,436.2469852595634,429.89242283896124,205.41220700157265,16.0,-6.414670833007067,102.78789862749927
40m_fine,fine1.060,40 m,5.4,5.4,0.04,16.6,6.995327453297626,17.441185689026284,16.6,6.995327453297626,17.441185689026284,313.9729789898297,309.1806023765676,130.94778138756055,16.25,-7.462281885810085,65.5102001448083
40m_fine,fine1.060,40 m,5.4,5.4,0.04,16.6,6.995327453297626,17.441185689026284,16.6,6.995327453297626,17.441185689026284,196.14773045332961,193.04818720174723,67.98262219077517,16.5,-9.0653563165965,34.00061957717426
15m_coarse,scale0.850,15 m,5.4,5.4,0.04,18.07010384438185,6.203403590660158,17.441185689026284,18.07010384438185,6.203403590660158,17.441185689026284,958.0050194405778,947.7159846345295,335.904063015565,12.0,-9.009258974210756,168.7933397282351
15m_coarse,scale0.850,15 m,5.4,5.4,0.04,18.07010384438185,6.203403590660158,17.441185689026284,18.07010384438185,6.203403590660158,17.441185689026284,562.2151796865892,555.5746732957434,260.93187656037964,12.25,-6.564306038574815,131.1053067382585
15m_coarse,scale0.850,15 m,5.4,5.4,0.04,18.07010384438185,6.203403590660158,17.441185689026284,18.07010384438185,6.203403590660158,17.441185689026284,312.1463404572531,307.9136108832325,179.09537256015133,12.5,-4.706890438804697,89.97435761032474
15m_coarse,scale0.925,15 m,5.4,5.4,0.04,19.66452477182731,6.203403590660158,17.441185689026284,19.66452477182731,6.203403590660158,17.441185689026284,697.7840364265842,689.2572828024488,354.08953979357756,12.0,-5.785365324611798,177.92570889207073
15m_coarse,scale0.925,15 m,5.4,5.4,0.04,19.66452477182731,6.203403590660158,17.441185689026284,19.66452477182731,6.203403590660158,17.441185689026284,450.1416887108744,443.7794607725766,268.7602201715397,12.25,-4.356044198506543,135.0381380955395
15m_coarse,scale0.925,15 m,5.4,5.4,0.04,19.66452477182731,6.203403590660158,17.441185689026284,19.66452477182731,6.203403590660158,17.441185689026284,269.3688764089496,265.3203253002188,137.31182726955376,12.5,-5.721251491302183,68.98649540941675
15m_coarse,scale1.000,15 m,5.4,5.4,0.04,21.258945699272765,6.203403590660158,17.441185689026284,21.258945699272765,6.203403590660158,17.441185689026284,576.5317427858447,568.1705378167925,349.4347865557024,12.0,-4.222251452878963,175.59031619648923
15m_coarse,scale1.000,15 m,5.4,5.4,0.04,21.258945699272765,6.203403590660158,17.441185689026284,21.258945699272765,6.203403590660158,17.441185689026284,389.77842099190326,383.8815870639796,188.28179673231458,12.25,-6.187778951736654,94.61307767594681
15m_coarse,scale1.000,15 m,5.4,5.4,0.04,21.258945699272765,6.203403590660158,17.441185689026284,21.258945699272765,6.203403590660158,17.441185689026284,223.64896274963633,220.17674522964217,77.99487132998337,12.5,-9.014108030373357,39.18739752817642
15m_coarse,scale1.075,15 m,5.4,5.4,0.04,22.85336662671822,6.203403590660158,17.441185689026284,22.85336662671822,6.203403590660158,17.441185689026284,498.2137078527425,490.6501192221187,232.05984302207258,12.0,-6.503438291628046,116.63402344683453
15m_coarse,scale1.075,15 m,5.4,5.4,0.04,22.85336662671822,6.203403590660158,17.441185689026284,22.85336662671822,6.203403590660158,17.441185689026284,323.0883880448165,318.0347862104187,107.425317022284,12.25,-9.427359622352538,53.986798045066706
15m_coarse,scale1.075,15 m,5.4,5.4,0.04,22.85336662671822,6.203403590660158,17.441185689026284,22.85336662671822,6.203403590660158,17.441185689026284,186.73967005542298,183.64845581501677,46.500869838525205,12.5,-11.930524083410592,23.364595651793174
15m_coarse,scale1.150,15 m,5.4,5.4,0.04,24.44778755416368,6.203403590660158,17.441185689026284,24.44778755416368,6.203403590660158,17.441185689026284,413.407434774476,406.91187380006136,134.04007943873347,12.0,-9.645313726454292,67.37717491594466
15m_coarse,scale1.150,15 m,5.4,5.4,0.04,24.44778755416368,6.203403590660158,17.441185689026284,24.44778755416368,6.203403590660158,17.441185689026284,271.25105135570385,266.71708427756136,65.679039494535,12.25,-12.172480838290195,33.00871317493023
15m_coarse,scale1.150,15 m,5.4,5.4,0.04,24.44778755416368,6.203403590660158,17.441185689026284,24.44778755416368,6.203403590660158,17.441185689026284,159.87437669770017,156.98975545265426,30.46589143781035,12.5,-14.241148455223009,15.308316141433636
15m_fine,fine0.940,15 m,5.4,5.4,0.04,18.48465328551767,6.203403590660158,17.441185689026284,18.48465328551767,6.203403590660158,17.441185689026284,877.4757880088185,867.8098502424119,338.2654834389278,12.0,-8.183337813230564,169.97925346114397
15m_fine,fine0.940,15 m,5.4,5.4,0.04,18.48465328551767,6.203403590660158,17.441185689026284,18.48465328551767,6.203403590660158,17.441185689026284,522.5025236614741,516.0515997460993,266.52999175037354,12.25,-5.738940856738673,133.91708850847505
15m_fine,fine0.940,15 m,5.4,5.4,0.04,18.48465328551767,6.203403590660158,17.441185689026284,18.48465328551767,6.203403590660158,17.441185689026284,299.4097812940166,295.1684939608575,175.71670837712193,12.5,-4.505138803387471,88.27753658656496
15m_fine,fine0.970,15 m,5.4,5.4,0.04,19.07458902867249,6.203403590660158,17.441185689026284,19.07458902867249,6.203403590660158,17.441185689026284,777.9079960775891,768.9402346080225,344.6781804460617,12.0,-6.969575884165696,173.19963383302115
15m_fine,fine0.970,15 m,5.4,5.4,0.04,19.07458902867249,6.203403590660158,17.441185689026284,19.07458902867249,6.203403590660158,17.441185689026284,479.31099736118495,472.96204289590963,272.40693249965307,12.25,-4.7921626498555,136.86907043333514
15m_fine,fine0.970,15 m,5.4,5.4,0.04,19.07458902867249,6.203403590660158,17.441185689026284,19.07458902867249,6.203403590660158,17.441185689026284,284.6798531480912,280.479409442231,160.88510179391537,12.5,-4.827703094037641,80.82786514631687
15m_fine,fine1.000,15 m,5.4,5.4,0.04,19.66452477182731,6.203403590660158,17.441185689026284,19.66452477182731,6.203403590660158,17.441185689026284,697.7840364265842,689.2572828024488,354.08953979357756,12.0,-5.785365324611798,177.92570889207073
15m_fine,fine1.000,15 m,5.4,5.4,0.04,19.66452477182731,6.203403590660158,17.441185689026284,19.66452477182731,6.203403590660158,17.441185689026284,450.1416887108744,443.7794607725766,268.7602201715397,12.25,-4.356044198506543,135.0381380955395
15m_fine,fine1.000,15 m,5.4,5.4,0.04,19.66452477182731,6.203403590660158,17.441185689026284,19.66452477182731,6.203403590660158,17.441185689026284,269.3688764089496,265.3203253002188,137.31182726955376,12.5,-5.721251491302183,68.98649540941675
15m_fine,fine1.030,15 m,5.4,5.4,0.04,20.254460514982128,6.203403590660158,17.441185689026284,20.254460514982128,6.203403590660158,17.441185689026284,637.8886352104778,629.5401611050165,362.52697514337524,12.0,-4.793662269709228,182.1627581029034
15m_fine,fine1.030,15 m,5.4,5.4,0.04,20.254460514982128,6.203403590660158,17.441185689026284,20.254460514982128,6.203403590660158,17.441185689026284,428.6668059639856,422.34624306759,248.79769660493702,12.25,-4.596445600510723,125.01230285817108
15m_fine,fine1.030,15 m,5.4,5.4,0.04,20.254460514982128,6.203403590660158,17.441185689026284,20.254460514982128,6.203403590660158,17.441185689026284,252.3524451388246,248.52180271539765,112.25657830968012,12.5,-6.903053897040007,56.39990449641998
15m_fine,fine1.060,15 m,5.4,5.4,0.04,20.84439625813695,6.203403590660158,17.441185689026284,20.84439625813695,6.203403590660158,17.441185689026284,597.079702256387,588.7259952483518,361.41340096755374,12.0,-4.238179213478864,181.60446527646667
15m_fine,fine1.060,15 m,5.4,5.4,0.04,20.84439625813695,6.203403590660158,17.441185689026284,20.84439625813695,6.203403590660158,17.441185689026284,406.8886034418487,400.77333961761343,214.93014328336395,12.25,-5.412029906418427,108.00029658634743
15m_fine,fine1.060,15 m,5.4,5.4,0.04,20.84439625813695,6.203403590660158,17.441185689026284,20.84439625813695,6.203403590660158,17.441185689026284,235.1324203288859,231.52184919714878,90.53982763916315,12.5,-8.155046383326306,45.489885719439904
