supply_v,q1_gate1_v,q1_source_v,q1_drain_v,v_gs_v,drain_current_ma
0.0,2.879769057905964e-09,5.283640563385885e-08,3.230018631129971e-08,-4.995663657595289e-08,1.1241788432735927e-07
0.05,0.003832034230749007,0.03683329817953179,0.04199610906789421,-0.033001263948782784,0.07836871953091872
0.1,0.007666522452604093,0.07353945620147942,0.08401975116813525,-0.06587293374887533,0.1564669280882541
0.15,0.0115035791713146,0.1101127532443097,0.1260722109115056,-0.0986091740729951,0.23428245371129724
0.2,0.0153433195964254,0.1465472300255336,0.1681547808707076,-0.1312039104291082,0.3118026170756034
0.25,0.01918587134127966,0.1828362855721539,0.2102688928015866,-0.16365041423087423,0.3890133735577742
0.3,0.02303136795274423,0.2189730119205315,0.2524160450464894,-0.19594164396778727,0.46590002536283304
0.35,0.02687995125425351,0.2549500729940183,0.2945978288057738,-0.22807012173976476,0.5424469638170601
0.4,0.03073177195640632,0.2907596729780079,0.3368159349973146,-0.2600279010216016,0.6186376020808679
0.45,0.03458526391454578,0.3264828238730512,0.3790527920591981,-0.2918975599585054,0.694644306112875
0.4999999999999999,0.038443935193335,0.3619380639553089,0.4213477591714615,-0.3234941287619739,0.7700809871389551
0.5499999999999999,0.0423063764976639,0.397198291871696,0.4636850245644928,-0.3548919153740321,0.8451027486631829
0.6,0.04617275520413121,0.432254849710827,0.5060664661455787,-0.3860820945066958,0.9196911695975042
0.65,0.05004327663019507,0.4670971170268204,0.5484943874971913,-0.4170538403966253,0.993823653248554
0.7000000000000001,0.05391816023838431,0.501713741683869,0.590971250905821,-0.44779558144548465,1.0674760461358914
0.7500000000000001,0.05779764027715142,0.536092606718467,0.6334996845496913,-0.47829496644131564,1.1406225674861
0.8000000000000002,0.06168196691289921,0.5702207717518796,0.6760824952063659,-0.5085388048389804,1.2132356845784673
0.8500000000000002,0.0655714074608303,0.6040844093834894,0.718722682049098,-0.538513001922659,1.2852859774116796
0.9000000000000002,0.06946624770943167,0.6376687366293313,0.7614234515178832,-0.5682024889198997,1.3567419928283644
0.9500000000000003,0.07336679334766101,0.6709579411306277,0.8041882333248584,-0.5975911477829666,1.4275700875119737
1.0,0.07727337149663387,0.7039351018692773,0.8470206976511355,-0.6266617303726435,1.4977342592963347
1.05,0.08118633235431466,0.7365821041602153,0.8899247735851717,-0.6553957718059007,1.5671959662983304
1.1,0.08510605095254543,0.7688795487382012,0.9329046688416336,-0.6837734977856558,1.6359139334855344
1.15,0.08903292903055034,0.8008066548293984,0.9759648907855618,-0.711773725798848,1.7038439464455286
1.2,0.09296739702585262,0.8323411571931211,1.019110268763834,-0.7393737601672684,1.7709386323257894
1.25,0.09690991617839263,0.863459197252635,1.06234597771913,-0.7665492810742424,1.8371472281970957
1.3,0.1008609807448194,0.8941352086050405,1.105677563022883,-0.7932742278602211,1.902415337457533
1.350000000000001,0.1048211203092711,0.9243417974240519,1.149110966415893,-0.8195206771147807,1.966684675370323
1.400000000000001,0.1087909021802632,0.9540496185545696,1.192652552883732,-0.8452587163743064,2.0298928054352547
1.450000000000001,0.112770933845291,0.9832272484525085,1.236309138215948,-0.8704563146072175,2.0919728690478907
1.500000000000001,0.1167618654589355,1.011841056567786,1.280088016903388,-0.8950791911088505,2.152853311846353
1.550000000000001,0.1207643923170349,1.039855077304342,1.323996989909989,-0.9190906849873071,2.212457611285834
1.600000000000001,0.1247792572677562,1.067230885342282,1.368044391715618,-0.9424516280745259,2.2707040113665578
1.650000000000001,0.1288072529876881,1.093927477873711,1.412239115859176,-0.9651202248860228,2.327505272071725
1.700000000000001,0.1328492240387464,1.11990116819879,1.456590638017672,-0.9870519441600436,2.3827684429761486
1.750000000000001,0.1369060686005126,1.145105496148159,1.50110903543566,-1.0081994275476465,2.436394672655658
1.800000000000001,0.1409787397491167,1.169491161929778,1.545805001273947,-1.0285124221806614,2.4882790679356983
1.850000000000001,0.145068246131353,1.193005991219855,1.590689852181354,-1.047937745088502,2.5383106196167127
1.900000000000001,0.1491756518610149,1.215594940578322,1.635775527120063,-1.0664192887173072,2.58637221399643
1.950000000000001,0.1533020754340628,1.237200153495006,1.681074575209331,-1.083898078060943,2.6323407521170337
2.000000000000001,0.1574486874476342,1.257761078459791,1.726600130115759,-1.1003123910121568,2.6760874009782785
2.050000000000001,0.1616167068815736,1.277214661246034,1.772365868346988,-1.1155979543644605,2.717478002651136
2.100000000000001,0.1658073957048373,1.295495623923924,1.818385948733599,-1.1296882282190865,2.7563736679232425
2.15,0.1700220515704619,1.312536842747003,1.86467493046505,-1.142514791176541,2.792631580312772
2.2,0.1742619983891837,1.328269835738634,1.911247667331933,-1.1540078373494502,2.826106033486455
2.25,0.1785285746217061,1.342625368286836,1.958119176371941,-1.16409679366513,2.856649719759226
2.3,0.1828231192052981,1.355534181118476,2.005304479971965,-1.172711061913178,2.884115278975481
2.35,0.1871469551370803,1.366927839522022,2.0528184216707,-1.1797808843849416,2.908357105366004
2.399999999999999,0.1915013708701416,1.376739695629041,2.100675457439335,-1.1852383247588993,2.9292333949554066
2.449999999999999,0.1958875998459576,1.384905947152044,2.148889426040511,-1.1890183473060865,2.9466083981958384
2.499999999999999,0.2003067986638122,1.391366766680492,2.197473304083124,-1.1910599680166798,2.960354822724451
2.549999999999999,0.2047600245650455,1.396067466197323,2.246438953437919,-1.1913074416322775,2.970356311058134
2.599999999999999,0.209248213091704,1.398959652925178,2.295796870533492,-1.189711439833474,2.976509899840804
2.649999999999999,0.2137268554094479,1.402345636697677,2.345047682690501,-1.1886187812882292,2.9837141206333553
2.699999999999998,0.2182016811160893,1.405929042451467,2.394255673876068,-1.1877273613353776,2.9913383881946105
2.749999999999998,0.2226764891819417,1.409513360664872,2.443463467148451,-1.1868368714829303,2.998964597159302
2.799999999999998,0.2271512750512877,1.413098827059117,2.492671011379597,-1.1859475520078293,3.006593249061951
2.849999999999998,0.2316260388713094,1.416685433996371,2.541878308226134,-1.1850593951250616,3.014224327651853
2.899999999999998,0.2361007807892173,1.420273173861618,2.591085359339758,-1.1841723930724009,3.021857816726847
2.949999999999998,0.2405755009580677,1.423862038767006,2.640292166431346,-1.1832865378089383,3.029493699504268
2.999999999999997,0.245050199535282,1.427452020526109,2.689498731276575,-1.182401820990827,3.037131958566189
3.049999999999997,0.249524876685945,1.4310431106291,2.738705055721211,-1.181518233943155,3.0447725758065958
3.099999999999997,0.2539995325811495,1.434635300210981,2.787911141688087,-1.1806357676298316,3.0524155323637894
3.149999999999997,0.2584741673991539,1.438228580019016,2.837116991184105,-1.179754412619862,3.0600608085510976
3.199999999999997,0.2629487813285235,1.441822940378092,2.886322606307791,-1.1788741590495686,3.0677083837831742
3.249999999999996,0.2674233745637925,1.44541837114613,2.935527989259017,-1.1779949965823375,3.075358236481127
3.299999999999996,0.2718979473117831,1.449014861673285,2.984733142347773,-1.177116914361502,3.0830103439857126
3.349999999999996,0.2763724997895477,1.452612400749469,3.03393806800546,-1.1762399009599211,3.0906646824456785
3.399999999999996,0.2808470322244308,1.456210976547714,3.083142768797385,-1.1753639443232833,3.0983212266972635
3.449999999999996,0.2853215448597957,1.45981057656541,3.132347247435363,-1.1744890317056143,3.10597995013917
3.499999999999996,0.2897960379498438,1.46341118754936,3.18155150679402,-1.1736151495995162,3.1136408245731064
3.549999999999995,0.2942705117687448,1.467012795423668,3.230755549926451,-1.1727422836549233,3.1213038200503576
3.599999999999995,0.2987449666042661,1.47061538519573,3.279959380084573,-1.171870418591464,3.128968904671766
3.649999999999995,0.3032194027668041,1.47421894086299,3.329163000739296,-1.170999538096186,3.1366360443893404
3.699999999999995,0.3076938205889076,1.477823445299764,3.378366415605244,-1.1701296247108566,3.144305202765455
3.749999999999995,0.3121682204229705,1.481428880127942,3.427569628668576,-1.1692606597049715,3.151976340697749
3.799999999999994,0.3166426026536845,1.485035225582293,3.476772644216505,-1.1683926229286086,3.159649416132538
3.849999999999994,0.3211169676910109,1.488642460341376,3.525975466873613,-1.167525492650365,3.167324383705055
3.899999999999994,0.3255913159832923,1.492250561351594,3.575178101640201,-1.1666592453683018,3.1750011943650933
3.949999999999994,0.3300656480116052,1.495859503611137,3.624380553939222,-1.165793855599532,3.182679794917313
3.999999999999994,0.3345399643022268,1.499469259937463,3.673582829666566,-1.1649292956352362,3.190360127526517
4.049999999999994,0.3390142654277667,1.503079800691592,3.72278493525096,-1.1640655352638252,3.198042129131047
4.099999999999993,0.3434885520147343,1.506691093466348,3.771986877721509,-1.1632025414516136,3.205725730779464
4.149999999999993,0.3479628247509388,1.510303102727351,3.821188664785779,-1.1623402779764123,3.2134108568667044
4.199999999999993,0.3524370843914493,1.513915789397103,3.870390304919506,-1.1614787050056536,3.2210974242491552
4.249999999999993,0.3569113317690739,1.517529110377951,3.919591807470818,-1.160617778608877,3.228785341229683
4.299999999999993,0.3613855678062617,1.521143017999298,3.968793182779339,-1.1597574501930363,3.2364745063814846
4.349999999999993,0.3658597935237934,1.524757459373229,4.017994442316597,-1.1588976658494357,3.244164807177083
4.399999999999992,0.3703340100606383,1.528372375652578,4.067195598846544,-1.1580383655919397,3.2518561184097408
4.449999999999992,0.3748082186865618,1.531987701159441,4.116396666614778,-1.1571794824728792,3.2595483003392363
4.499999999999992,0.3792824208229494,1.535603362373036,4.165597661567927,-1.1563209415500868,3.2672411965383747
4.549999999999992,0.3837566180643568,1.53921927674572,4.214798601610743,-1.1554626586813632,3.2749346313738723
4.599999999999992,0.3882308122092515,1.54283535132207,4.263999506905394,-1.1546045391128186,3.282628407068234
4.649999999999991,0.392705005285948,1.546451481115577,4.313200400223363,-1.153746475829629,3.2903223002459088
4.699999999999991,0.3971791995947059,1.550067547217936,4.36240130735612,-1.1528883476232301,3.2980160579105022
4.749999999999991,0.401653397745056,1.553683414577828,4.41160225759624,-1.152030016832772,3.305709392718783
4.799999999999991,0.4061276027109378,1.557298929417306,4.460803284298357,-1.1511713267063683,3.31340197748363
4.849999999999991,0.4106018178847274,1.560913916215753,4.510004425533008,-1.1503120983310255,3.3210934387569213
4.899999999999991,0.4150760471475112,1.564528174222906,4.559205724843117,-1.1494521270753948,3.3287833494104384
4.94999999999999,0.4195502949461973,1.56814147344646,4.608407232114142,-1.1485911785002627,3.336471220098851
4.99999999999999,0.4240245663797876,1.571753550087811,4.657609004564276,-1.1477289837080233,3.344156489548534
5.04999999999999,0.4284988673015132,1.575364101437527,4.706811107851372,-1.1468652341360137,3.3518385136968663
5.09999999999999,0.4329732044223603,1.578972780287412,4.756013617285147,-1.1459995758650519,3.359516553803004
5.14999999999999,0.4374475854289739,1.582579189039018,4.805216619104976,-1.145131603610044,3.3671897639128043
5.19999999999999,0.4419220190959177,1.586182873820078,4.854420211756244,-1.1442608547241604,3.3748571783405916
5.249999999999989,0.4463965153895431,1.589783319163601,4.903624507043935,-1.143386803774058,3.382517700348087
5.299999999999989,0.4508710855397934,1.593379944105262,4.952829630979811,-1.1425088585654688,3.390170093840983
5.349999999999989,0.4553457420673678,1.596972100963586,5.00203572404645,-1.141626358896218,3.3978129807735873
5.399999999999989,0.4598204987239269,1.600559078491832,5.051242940513784,-1.140738579767905,3.4054448478549615
5.449999999999989,0.4642953703015904,1.604140111480002,5.100451446356413,-1.1398447411784116,3.4130640669787273
5.499999999999988,0.468770372284416,1.607714399034167,5.149661415288914,-1.1389440267497508,3.4206689341152487
5.549999999999988,0.4732455202877406,1.611281133320718,5.198873022531098,-1.1380356130329774,3.4282577304696127
5.599999999999988,0.4777208292966153,1.614839539302851,5.248086436188752,-1.1371187100062357,3.435828807027342
5.649999999999988,0.4821963127151981,1.618388923602701,5.297301806656375,-1.136192610887503,3.443380688516385
5.699999999999988,0.4866719813453731,1.621928727475346,5.346519255125949,-1.135256746129973,3.4509121861177574
5.749999999999988,0.4911478424382609,1.625458575790497,5.395738862963719,-1.134310733352236,3.4584225016819086
5.799999999999987,0.4956238990106262,1.628978312481857,5.444960664020457,-1.1333544134712308,3.4659113031528874
5.849999999999987,0.5000998717976359,1.632502383232254,5.494181525016462,-1.1324025114346181,3.4734093260260726
5.899999999999987,0.5045758126607449,1.636028105277396,5.543402027845396,-1.131452292616651,3.480910862292332
5.949999999999987,0.5090517388128576,1.639554588293569,5.592622365619157,-1.1305028494807114,3.4884140176458915
5.999999999999987,0.5135276502889675,1.643081830413656,5.641842538742696,-1.1295541801246887,3.4959187881141616
6.049999999999986,0.5180035471280745,1.646609829650831,5.691062547646982,-1.1286062825227563,3.5034251694698533
6.099999999999986,0.522479429370893,1.650138584027175,5.740282392761118,-1.127659154656282,3.5109331575046276
6.149999999999986,0.5269552970506587,1.653668091567343,5.789502074513489,-1.1267127945166844,3.5184427480156235
6.199999999999986,0.5314311502089634,1.657198350311171,5.838721593329145,-1.1257672001022074,3.5259539368322788
6.249999999999986,0.5359069888836288,1.660729358303967,5.88794094963219,-1.1248223694203383,3.5334667197956744
6.299999999999986,0.5403828131104084,1.664261113597925,5.937160143845097,-1.1238783004875166,3.540981092761543
6.349999999999985,0.5448586229280099,1.667793614255865,5.986379176387953,-1.122934991327855,3.5484970516082233
6.399999999999985,0.5493344183731063,1.671326858347459,6.035598047679466,-1.1219924399743526,3.556014592228636
6.449999999999985,0.5538101994835017,1.674860843951463,6.084816758136538,-1.121050644467961,3.5635337105350278
6.499999999999985,0.5582859662942217,1.678395569152717,6.134035308174369,-1.1201096028584954,3.5710544024525896
6.549999999999985,0.5627617188460086,1.681931032048734,6.183253698205635,-1.1191693132027254,3.578576663933476
6.599999999999985,0.5672374571716268,1.685467230738917,6.232471928642633,-1.1182297735672901,3.5861004909338656
6.649999999999984,0.571713181310233,1.689004163335805,6.281689999894745,-1.117290982025572,3.5936258794378833
6.699999999999984,0.5761888912955277,1.692541827955675,6.330907912370516,-1.1163529366601472,3.601152825437606
6.749999999999984,0.5806645871664085,1.69608022272686,6.380125666475942,-1.1154156355604516,3.608681324950766
6.799999999999984,0.5851402689582804,1.69961934578294,6.429343262615822,-1.1144790768246597,3.616211374006255
6.849999999999984,0.5896159367063859,1.703159195265315,6.478560701193357,-1.1135432585589289,3.623742968649606
6.899999999999983,0.5940915904464795,1.706699769323545,6.527777982609835,-1.1126081788770654,3.631276104943713
6.949999999999983,0.598567230214873,1.710241066115544,6.576995107264827,-1.111673835900671,3.6388107789692428
6.999999999999983,0.6030428560463448,1.713783083805794,6.626212075556519,-1.1107402277594491,3.6463469868208382
7.049999999999983,0.6075184679769083,1.717325820567291,6.675428887881027,-1.1098073525903827,3.6538847246112574
7.099999999999983,0.6119940660424807,1.720869274580922,6.724645544633141,-1.1088752085384412,3.661423988470047
7.149999999999983,0.6164696502752212,1.724413444031988,6.773862046206268,-1.1079437937567669,3.668964774536145
7.199999999999982,0.6209452207114408,1.727958327116865,6.823078392991776,-1.1070131064054243,3.6765070789720533
7.249999999999982,0.6254207773873243,1.731503922039247,6.872294585379149,-1.1060831446519228,3.684050897955845
7.299999999999982,0.6298963203375011,1.735050227009123,6.921510623756703,-1.1051539066716218,3.691596227678985
7.349999999999982,0.6343718495942315,1.738597240242153,6.970726508511491,-1.1042253906479216,3.6991430643450065
7.399999999999982,0.6388473651932931,1.74214495996411,7.019942240028252,-1.1032975947708168,3.706691404178957
7.449999999999982,0.643322867167381,1.745693384405732,7.069157818690898,-1.102370517238351,3.7142412434164513
7.499999999999981,0.6477983555527695,1.749242511807946,7.118373244880883,-1.1014441562551764,3.7217925783147785
7.549999999999981,0.6522738303818537,1.752792340415856,7.16758851897882,-1.1005185100340023,3.7293454051401196
7.599999999999981,0.6567492916891537,1.756342868483587,7.216803641363422,-1.0995935767944331,3.7368997201778447
7.649999999999981,0.661224739506754,1.759894094270443,7.266018612412229,-1.0986693547636892,3.744455519724347
7.699999999999981,0.6657001738712164,1.763446016046526,7.31523343250036,-1.0977458421753097,3.7520128000989916
7.74999999999998,0.670175594812038,1.766998632083381,7.364448102002963,-1.096823037271343,3.7595715576242146
7.79999999999998,0.6746510023663173,1.770551940665818,7.413662621291893,-1.0959009382995006,3.7671317886506763
7.84999999999998,0.6791263965655883,1.774105940081096,7.462876990738646,-1.0949795435155076,3.7746934895342465
7.89999999999998,0.68360177743961,1.777660628622252,7.512091210713467,-1.0940588511826421,3.7822566566430895
7.94999999999998,0.6880771450267696,1.781216004596014,7.561305281583654,-1.0931388595692444,3.7898212863744973
7.99999999999998,0.6925524993557692,1.784772066308423,7.61051920371675,-1.0922195669526538,3.7973873751243046
8.04999999999998,0.6970278404607456,1.788328812076646,7.65973297747755,-1.0913009716159006,3.8049549193120127
8.09999999999998,0.7015031683741333,1.791886240223487,7.708946603229936,-1.0903830718493537,3.812523915369121
8.14999999999998,0.7059784831274023,1.795444349077686,7.758160081336372,-1.0894658659502836,3.820094359739757
8.199999999999982,0.7104537847527156,1.799003136975323,7.807373412157875,-1.0885493522226075,3.827666248883666
8.249999999999982,0.714929073283752,1.802562602260479,7.856586596053445,-1.0876335289767272,3.835239579277615
8.299999999999983,0.7194043487507628,1.806122743281174,7.905799633381444,-1.0867183945304113,3.8428143474067533
8.349999999999984,0.7238796111855366,1.809683558393355,7.9550125244987,-1.0858039472078185,3.850390549773096
8.399999999999984,0.728354860623088,1.813245045962033,8.00422526975946,-1.0848901853389452,3.857968182897943
8.449999999999985,0.7328300970873162,1.816807204350146,8.05343786951907,-1.0839771072628297,3.8655472432981828
8.499999999999986,0.7373053206181441,1.820370031939847,8.102650324128424,-1.083064711321703,3.8731277275315894
8.549999999999986,0.7417805312408532,1.823933527108116,8.151862633939523,-1.0821529958672629,3.880709632144928
8.599999999999987,0.7462557289926443,1.827497688248034,8.201074799300772,-1.0812419592553897,3.8882929537192217
8.649999999999988,0.7507309138967394,1.831062513747833,8.250286820561897,-1.0803315998510934,3.8958776888251765
8.699999999999989,0.7552060859901502,1.834628002013266,8.299498698068698,-1.0794219160231158,3.903463834070778
8.74999999999999,0.7596812453010383,1.838194151449325,8.348710432167103,-1.0785129061482865,3.911051386062393
8.79999999999999,0.7641563918600544,1.841760960469406,8.397922023201176,-1.0776045686093516,3.918640341424268
8.84999999999999,0.7686315257004446,1.845328427495255,8.447133471513425,-1.0766969017948105,3.926230696798415
8.899999999999991,0.7731066468481491,1.848896550949035,8.496344777445952,-1.0757899041008858,3.933822448827734
8.949999999999992,0.7775817553379835,1.852465329266283,8.545555941338186,-1.0748835739282994,3.9414155941835807
8.999999999999993,0.7820568511974259,1.856034760882793,8.594766963529281,-1.0739779096853672,3.9490101295378572
9.049999999999994,0.7865319344565396,1.859604844242668,8.643977844356716,-1.0730729097861285,3.9566060515801444
9.099999999999994,0.791007005146205,1.863175577796834,8.693188584156612,-1.072168572650629,3.9642033570145405
9.149999999999995,0.795482063295324,1.866746960000586,8.742399183263831,-1.0712648967052618,3.971802042554438
9.199999999999996,0.7999571089345667,1.870318989316917,8.791609642012004,-1.0703618803823503,3.9794021049296107
9.249999999999996,0.8044321420944657,1.873891664214547,8.840819960733006,-1.069459522120081,3.9870035408820144
9.299999999999997,0.8089071628026597,1.877464983166045,8.890030139758284,-1.0685578203633854,3.9946063471617976
9.349999999999998,0.8133821710894716,1.881038944652018,8.939240179417412,-1.0676567735625464,4.002210520536209
9.399999999999999,0.8178571669841694,1.884613547158161,8.98845008003877,-1.0667563801739917,4.009816057783321
9.45,0.8223321505149546,1.888188789175269,9.037659841949724,-1.0658566386603143,4.017422955692061
9.5,0.8268071217108597,1.89176466920063,9.086869465476195,-1.0649575474897703,4.02503121106517
9.55,0.8312820806027585,1.895341185738959,9.136078950942636,-1.0640591051362005,4.0326408207211895
9.600000000000001,0.8357570272175215,1.898918337297419,9.185288298672601,-1.0631613100798973,4.04025178148387
9.650000000000002,0.8402319615858416,1.902496122392183,9.23449750898828,-1.0622641608063415,4.047864090196134
9.700000000000003,0.8447068837353281,1.906074539542562,9.283706582210513,-1.061367655807234,4.055477743707579
9.750000000000004,0.8491817936924934,1.909653587272763,9.332915518659373,-1.0604717935802697,4.063092738878219
9.800000000000004,0.8536566914887147,1.913233264116694,9.382124318653196,-1.0595765726279793,4.070709072588711
9.850000000000005,0.8581315771512688,1.916813568610446,9.431332982509266,-1.0586819914591772,4.078326741724353
9.900000000000006,0.8626064507073379,1.920394499295839,9.480541510544056,-1.0577880485885012,4.085945743182636
9.950000000000006,0.8670813121859632,1.923976054721643,9.529749903072053,-1.0568947425356798,4.093566073875836
10.00000000000001,0.8715561616151203,1.927558233441453,9.578958160407149,-1.0560020718263328,4.101187730726496
10.05000000000001,0.8760309990216426,1.931141034013436,9.62816628286208,-1.0551100349917935,4.108810710666885
10.10000000000001,0.8805058244353117,1.934724455003612,9.67737427074775,-1.0542186305683003,4.116435010645983
10.15000000000001,0.884980637881742,1.938308494980269,9.726582124374936,-1.053327857098527,4.1240606276175935
10.20000000000001,0.889455439388444,1.941893152518508,9.77578984405249,-1.052437713130064,4.131687558550016
10.25000000000001,0.8939302289870222,1.945478426202255,9.82499743008763,-1.051548197215233,4.13931580043033
10.30000000000001,0.8984050066985616,1.94906431461239,9.87420488278813,-1.0506593079138284,4.146945350239128
10.35000000000001,0.9028797725544909,1.952650816343422,9.923412202459104,-1.049771043788931,4.154576204986004
10.40000000000001,0.9073545265808576,1.95623792999081,9.972619389404727,-1.0488834034099523,4.162208361682574
10.45000000000001,0.9118292688036552,1.959825654155482,10.02182644392879,-1.0479963853518268,4.169841817352089
10.50000000000001,0.9163039992508696,1.963413987445124,10.07103336633328,-1.0471099881942543,4.177476569032178
10.55000000000001,0.920778717950389,1.967002928472563,10.12024015691889,-1.046224210522174,4.185112613771411
10.60000000000002,0.9252534249257324,1.970592475852507,10.16944681598626,-1.0453390509267746,4.192749948622356
10.65000000000002,0.9297281202045781,1.974182628208034,10.21865334383394,-1.0444545080034557,4.200388570655392
10.70000000000002,0.9342028038178027,1.97777338417003,10.26785974075886,-1.0435705803522273,4.2080284769575105
10.75000000000002,0.938677475787524,1.981364742367612,10.31706600705861,-1.042687266580088,4.215669664611941
10.80000000000002,0.9431521361389362,1.984956701437319,10.36627214302861,-1.0418045652983827,4.2233121307177
10.85000000000002,0.9476267849026988,1.98854926002531,10.41547814896282,-1.0409224751226112,4.230955872394277
10.90000000000002,0.9521014221016411,1.992142416776472,10.46468402515504,-1.040040994674831,4.2386008867584515
10.95000000000002,0.9565760477640027,1.995736170345026,10.51388977189686,-1.0391601225810234,4.246247170946864
11.00000000000002,0.9610506619135393,1.999330519386747,10.56309538948025,-1.0382798574732077,4.253894722099462
11.05000000000002,0.9655252645760897,2.002925462563967,10.61230087819531,-1.0374001979878773,4.261543537370143
11.10000000000002,0.9699998557785116,2.006520998544849,10.66150623833069,-1.0365211427663374,4.269193613925211
11.15000000000002,0.9744744355487708,2.010117126003406,10.71071147017426,-1.0356426904546354,4.276844948943418
11.20000000000002,0.9789490039078776,2.013713843612978,10.75991657401351,-1.0347648397051001,4.28449753960208
11.25000000000002,0.9834235608847371,2.017311150058087,10.8091215501339,-1.03388758917335,4.292151383102313
11.30000000000003,0.9878981065036156,2.020909044024421,10.85832639882069,-1.0330109375208054,4.299806476647705
11.35000000000003,0.9923726407874677,2.024507524201538,10.90753112035786,-1.0321348834140704,4.307462817450081
11.40000000000003,0.9968471637661187,2.02810658928929,10.95673571502737,-1.0312594255231713,4.315120402743171
11.45000000000003,1.00132167546006,2.031706237984696,11.00594018311212,-1.0303845625246362,4.322779229754673
11.50000000000003,1.005796175897782,2.035306468996154,11.05514452489201,-1.0295102930983722,4.3304392957364986
11.55000000000003,1.01027066510423,2.038907281033907,11.10434874064675,-1.028636615929677,4.338100597944483
11.60000000000003,1.014745143099544,2.042508672809036,11.15355283065618,-1.0277635297094918,4.345763133636246
11.65000000000003,1.019219609915556,2.046110643046722,11.20275679519668,-1.0268910331311663,4.353426900099409
11.70000000000003,1.023694065574582,2.049713190469185,11.25196063454536,-1.026019124894603,4.361091894615288
11.75000000000003,1.028168510094005,2.053316313799305,11.30116434897919,-1.0251478037053,4.368758114466606
11.80000000000003,1.032642943509094,2.05692001177899,11.35036793877115,-1.024277068269896,4.376425556976574
11.85000000000003,1.037117365837041,2.060524283140269,11.39957140419626,-1.023406917303228,4.38409421944738
11.90000000000003,1.041591777105769,2.064129126628274,11.44877474552662,-1.022537349522505,4.391764099209093
11.95000000000003,1.046066177338296,2.067734540988862,11.49797796303429,-1.021668363650566,4.399435193593323
12.00000000000004,1.050540566556311,2.07134052497128,11.54718105699058,-1.020799958414969,4.407107499938894
